word,node-label,new-val
(คอร์รัปชั่น - VERB),neg,-1.0
(แสน - ADJ),neg,-0.9991666666666666
(คาลิม - VERB),neg,-0.9983333333333333
(คาดเดา - VERB),neg,-0.9975
(เหม็นเหม็น - VERB),neg,-0.9966666666666667
(กุ้งก้ามกราม - VERB),neg,-0.9958333333333333
(กาลเวลา - VERB),neg,-0.995
(โกรธ - ADJ),neg,-0.9941666666666666
(ข้าวของ - VERB),neg,-0.9933333333333333
(ลำลอง - ADJ),neg,-0.9925
(พัฒน์พงษ์ สวรรค์ - ADV),neg,-0.9916666666666667
(กูตา - VERB),neg,-0.9908333333333333
(พิสูจน์ - VERB),neg,-0.99
(ลาง - ADV),neg,-0.9891666666666666
(งดงาม - ADV),neg,-0.9883333333333333
(คาดเข็มขัดสิ่ว - VERB),neg,-0.9875
(กลอเรีย - VERB),neg,-0.9866666666666667
(ขู่ - VERB),neg,-0.9858333333333333
(เจริญเติบโต - VERB),neg,-0.985
(บูชา - VERB),neg,-0.9841666666666666
(ไฮซี - VERB),neg,-0.9833333333333333
(แบน - VERB),neg,-0.9825
(เนปาลพม่า - ADJ),neg,-0.9816666666666667
(ไอพ่น - ADV),neg,-0.9808333333333333
(สนิท - VERB),neg,-0.98
(เมตร - ADV),neg,-0.9791666666666666
(แข่งขัน - VERB),neg,-0.9783333333333334
(โทร - VERB),neg,-0.9775
(กำไร - VERB),neg,-0.9766666666666667
(btw - VERB),neg,-0.9758333333333333
(ยิง - VERB),neg,-0.975
(ยัก - VERB),neg,-0.9741666666666666
(ริบเบียน - VERB),neg,-0.9733333333333334
(จำนวน จำกัด - VERB),neg,-0.9725
(ฉวย - ADJ),neg,-0.9716666666666667
(beachfullof - VERB),neg,-0.9708333333333333
(ผลิ - VERB),neg,-0.97
(นาฬิกา - VERB),neg,-0.9691666666666666
(ชี้ - VERB),neg,-0.9683333333333334
(เช็ดตัว - ADJ),neg,-0.9675
(ไล่ - VERB),neg,-0.9666666666666667
(สุก - VERB),neg,-0.9658333333333333
(สม่ำเสมอ - ADJ),neg,-0.965
(เศร้าเศร้าเสียใจ - VERB),neg,-0.9641666666666666
(สรรพสินค้าแทน - VERB),neg,-0.9633333333333334
(หาดกะตะ - VERB),neg,-0.9625
(กดดัน - VERB),neg,-0.9616666666666667
(ถนนปาร์ตี้ - VERB),neg,-0.9608333333333333
(ปฏิบัติการ - VERB),neg,-0.96
(อพยพ - ADJ),neg,-0.9591666666666666
(ไทม์ - ADV),neg,-0.9583333333333334
(คลื่นไมอามี่เซาท์บีช - VERB),neg,-0.9575
(เฮ้ฉัน - VERB),neg,-0.9566666666666667
(คอก - VERB),neg,-0.9558333333333333
(เลี้ยว - ADJ),neg,-0.955
(หาน - ADJ),neg,-0.9541666666666667
(ขีดข่วน - VERB),neg,-0.9533333333333334
(ต้น - ADJ),neg,-0.9525
(บัง - VERB),neg,-0.9516666666666667
(ดิสโก้ - VERB),neg,-0.9508333333333333
(ดีเลิศ - VERB),neg,-0.95
(จอง - ADV),neg,-0.9491666666666667
(นิ้ว - VERB),neg,-0.9483333333333334
(จดจำ - VERB),neg,-0.9475
(เลง - VERB),neg,-0.9466666666666667
(patong - ADJ),neg,-0.9458333333333333
(แปร - VERB),neg,-0.945
(นรก - ADJ),neg,-0.9441666666666667
(รีสอร์ท - ADJ),neg,-0.9433333333333334
(แกล้ง - ADV),neg,-0.9425
(ทุบ - VERB),neg,-0.9416666666666667
(แก้ว - ADV),neg,-0.9408333333333333
(ชดเชย - ADV),neg,-0.94
(ดิสนีย์แลนด์ - VERB),neg,-0.9391666666666667
(องค์ - ADV),neg,-0.9383333333333334
(การค้าจังซีลอน - VERB),neg,-0.9375
(กาม - VERB),neg,-0.9366666666666666
(กะทันหัน - VERB),neg,-0.9358333333333333
(สไมล์ - ADJ),neg,-0.935
(คุณกล้า - ADJ),neg,-0.9341666666666667
(fluro - VERB),neg,-0.9333333333333333
(เจ็ตสกีไหม - VERB),neg,-0.9325
(สม่ำเสมอ - VERB),neg,-0.9316666666666666
(น้ำเสียง - ADV),neg,-0.9308333333333333
(ย่น - VERB),neg,-0.93
(ท่า - ADV),neg,-0.9291666666666667
(สักเฮน - VERB),neg,-0.9283333333333333
(คลึง - VERB),neg,-0.9275
(ลอนดอน - ADV),neg,-0.9266666666666666
(ก่อตัว - VERB),neg,-0.9258333333333333
(monger - ADJ),neg,-0.925
(คว่ำ - VERB),neg,-0.9241666666666667
(ซ้อน - VERB),neg,-0.9233333333333333
(ย่อ - VERB),neg,-0.9225
(barachout - ADJ),neg,-0.9216666666666666
(คุณบิน - VERB),neg,-0.9208333333333333
(ขั้นตอน - VERB),neg,-0.92
(คณะ - VERB),neg,-0.9191666666666667
(บวม - VERB),neg,-0.9183333333333333
(คอนโด - VERB),neg,-0.9175
(คุณหวัง - VERB),neg,-0.9166666666666666
(โรคภัยไข้เจ็บ - VERB),neg,-0.9158333333333334
(ไหล่ - VERB),neg,-0.915
(เหมือน - ADV),neg,-0.9141666666666667
(อูฐ - ADJ),neg,-0.9133333333333333
(สำรับ - VERB),neg,-0.9125
(จังหวัด - VERB),neg,-0.9116666666666666
(กลั่นแกล้ง - ADJ),neg,-0.9108333333333334
(กึกก้อง - VERB),neg,-0.91
(กลลวง - VERB),neg,-0.9091666666666667
(คุณสัมผัส - VERB),neg,-0.9083333333333333
(โป๊ะ - VERB),neg,-0.9075
(ฝึกฝน - VERB),neg,-0.9066666666666666
(กระทบกระเทือน - VERB),neg,-0.9058333333333334
(โอ้โจร - ADJ),neg,-0.905
(รีด - VERB),neg,-0.9041666666666667
(กลัว - ADV),neg,-0.9033333333333333
(รบ - VERB),neg,-0.9025
(ไอศ - VERB),neg,-0.9016666666666666
(ตูม - VERB),neg,-0.9008333333333334
(คุณเว้น - VERB),neg,-0.9
(ตรวจสอบ - ADV),neg,-0.8991666666666667
(บกพร่อง - VERB),neg,-0.8983333333333333
(บรรยากาศ - ADV),neg,-0.8975
(ย้อนกลับ - ADJ),neg,-0.8966666666666666
(แข่ง - VERB),neg,-0.8958333333333334
(bashings - VERB),neg,-0.895
(หลีกหนี - VERB),neg,-0.8941666666666667
(โบ๊ท - VERB),neg,-0.8933333333333333
(ตื่น - ADV),neg,-0.8925
(เปลือย - ADV),neg,-0.8916666666666667
(คิ้ว - VERB),neg,-0.8908333333333334
(เปลื้อง - VERB),neg,-0.89
(ราบ - ADJ),neg,-0.8891666666666667
(คัดท้าย - VERB),neg,-0.8883333333333333
(ตบ - VERB),neg,-0.8875
(องค์ - VERB),neg,-0.8866666666666667
(airbnb - VERB),neg,-0.8858333333333334
(คุณผลัก - VERB),neg,-0.885
(กอด - VERB),neg,-0.8841666666666667
(กาฬโรค - VERB),neg,-0.8833333333333333
(ซับซ้อน - VERB),neg,-0.8825
(กลโกง - VERB),neg,-0.8816666666666667
(น่ากลัว - ADV),neg,-0.8808333333333334
(ล้อเลียน - VERB),neg,-0.88
(น - VERB),neg,-0.8791666666666667
(ชอบคาร์ท - ADV),neg,-0.8783333333333333
(ค้าทาง - VERB),neg,-0.8775
(จักรยาน - ADJ),neg,-0.8766666666666667
(แจ้ง - VERB),neg,-0.8758333333333334
(เวอร์ชั่น - VERB),neg,-0.875
(กึ่ง - VERB),neg,-0.8741666666666666
(ดึง - ADV),neg,-0.8733333333333333
(ศอก - VERB),neg,-0.8725
(บอด - VERB),neg,-0.8716666666666667
(รุกราน - VERB),neg,-0.8708333333333333
(เต็นท์ - ADJ),neg,-0.87
(ประดิษฐ์ - VERB),neg,-0.8691666666666666
(นับถือ - VERB),neg,-0.8683333333333333
(ได้ยิน - ADV),neg,-0.8675
(อึดอัด - VERB),neg,-0.8666666666666667
(ขยับ - VERB),neg,-0.8658333333333333
(แรมอมา - ADJ),neg,-0.865
(แผ่ - VERB),neg,-0.8641666666666666
(รายละเอียด - VERB),neg,-0.8633333333333333
(โน้มน้าว - VERB),neg,-0.8625
(เลอเมอริเดียน - VERB),neg,-0.8616666666666667
(สงบเงียบ - VERB),neg,-0.8608333333333333
(สะเทือน - VERB),neg,-0.86
(รีวิว - VERB),neg,-0.8591666666666666
(kala - ADJ),neg,-0.8583333333333333
(แสวงหา - ADJ),neg,-0.8575
(ยาง - ADV),neg,-0.8566666666666667
(เผ่าพันธุ์ - VERB),neg,-0.8558333333333333
(โทรม - VERB),neg,-0.855
(อาหาร - VERB),neg,-0.8541666666666666
(เตะ - ADJ),neg,-0.8533333333333334
(ดำเนินการ - ADJ),neg,-0.8525
(น้ำมืด - VERB),neg,-0.8516666666666667
(บีบบังคับ - VERB),neg,-0.8508333333333333
(ลา - ADJ),neg,-0.85
(ไถ - VERB),neg,-0.8491666666666666
(buuuuuuttt - VERB),neg,-0.8483333333333334
(ปาตง - VERB),neg,-0.8475
(ระบาด - VERB),neg,-0.8466666666666667
(บริษัท เจ็ทสกี - VERB),neg,-0.8458333333333333
(เกลือ - VERB),neg,-0.845
(โจมตี - ADJ),neg,-0.8441666666666666
(สะพานหิน - ADJ),neg,-0.8433333333333334
(ลังเล - ADJ),neg,-0.8425
(คุณบ้า - VERB),neg,-0.8416666666666667
(ตลาด - ADV),neg,-0.8408333333333333
(หลุด - VERB),neg,-0.84
(ฟัน - VERB),neg,-0.8391666666666666
(fundont - ADV),neg,-0.8383333333333334
(กูตเตอร์ - VERB),neg,-0.8375
(เส็ง - VERB),neg,-0.8366666666666667
(กลยุทธ์ - ADV),neg,-0.8358333333333333
(ซ้ำ - ADV),neg,-0.835
(ดัก - ADJ),neg,-0.8341666666666666
(ถือถัง - VERB),neg,-0.8333333333333334
(ขัน - VERB),neg,-0.8325
(ทั่วไป - ADV),neg,-0.8316666666666667
(ถนนบางลาเศร้า - VERB),neg,-0.8308333333333333
(บุก - VERB),neg,-0.83
(แกะสลัก - ADJ),neg,-0.8291666666666667
(โสเภณี - VERB),neg,-0.8283333333333334
(ถ้วน - ADJ),neg,-0.8275
(ดัน - VERB),neg,-0.8266666666666667
(ฉุกเฉิน - ADJ),neg,-0.8258333333333333
(ขีด - VERB),neg,-0.825
(สเตียรอยด์ - ADJ),neg,-0.8241666666666667
(เกาะอื่น - ADJ),neg,-0.8233333333333334
(เครื่องหมาย - ADJ),neg,-0.8225
(สองสาม - ADV),neg,-0.8216666666666667
(มือ - VERB),neg,-0.8208333333333333
(คุณก้าว - VERB),neg,-0.82
(ลามกอนาจาร - ADJ),neg,-0.8191666666666667
(เสิร์ฟ - VERB),neg,-0.8183333333333334
(คลำหา - VERB),neg,-0.8175
(ระเบียง - VERB),neg,-0.8166666666666667
(เลี้ยว - VERB),neg,-0.8158333333333333
(ซื่อสัตย์ - VERB),neg,-0.815
(หมื่น - ADJ),neg,-0.8141666666666667
(ควาย - VERB),neg,-0.8133333333333334
(อนามัย - ADJ),neg,-0.8125
(ตุ๊กตุ๊กใน - VERB),neg,-0.8116666666666666
(หนุน - VERB),neg,-0.8108333333333333
(โลชั่น - VERB),neg,-0.81
(ผูกขาด - VERB),neg,-0.8091666666666667
(เป้าหมาย - ADJ),neg,-0.8083333333333333
(คุณไป - ADJ),neg,-0.8075
(เตกี - VERB),neg,-0.8066666666666666
(คีรีสอร์ท - VERB),neg,-0.8058333333333333
(เร่ - ADJ),neg,-0.805
(ยนต์ - ADJ),neg,-0.8041666666666667
(กันแดด - VERB),neg,-0.8033333333333333
(ตุ๊กตุ๊กมาเฟีย - ADJ),neg,-0.8025
(กก - VERB),neg,-0.8016666666666666
(แอสฟัลต์ - ADJ),neg,-0.8008333333333333
(การ์ด - ADJ),neg,-0.8
(ลองขาย - VERB),neg,-0.7991666666666667
(เมตร - VERB),neg,-0.7983333333333333
(ยาง - ADJ),neg,-0.7975
(ดำรง - VERB),neg,-0.7966666666666666
(บัส - ADJ),neg,-0.7958333333333333
(ติดตาม - ADV),neg,-0.795
(สิ่งมาก - ADJ),neg,-0.7941666666666667
(สวรรค์ - ADJ),neg,-0.7933333333333333
(ซ้ำแล้วซ้ำ - ADV),neg,-0.7925
(เที่ยว - ADJ),neg,-0.7916666666666666
(กลบ - VERB),neg,-0.7908333333333334
(อนด์คลิฟรีสอร์ทแอนด์สปา - ADJ),neg,-0.79
(ทิศทาง - VERB),neg,-0.7891666666666667
(ดิ้นรน - VERB),neg,-0.7883333333333333
(ด้อย - ADJ),neg,-0.7875
(ใกล้ชัดเจน - ADJ),neg,-0.7866666666666666
(เจ็ท - VERB),neg,-0.7858333333333334
(ตุ๊กตุ๊กข้าม - VERB),neg,-0.785
(อ่อนโยน - ADJ),neg,-0.7841666666666667
(โสร่ง - ADJ),neg,-0.7833333333333333
(เดียงสา - ADJ),neg,-0.7825
(ผิดพลาด - ADJ),neg,-0.7816666666666666
(กุมภาพันธ์ - VERB),neg,-0.7808333333333334
(กระเบื้อง - VERB),neg,-0.78
(ลอย - ADJ),neg,-0.7791666666666667
(แวะ - VERB),neg,-0.7783333333333333
(สว่างไสว - VERB),neg,-0.7775
(แพน - VERB),neg,-0.7766666666666666
(โบ๊ท - ADJ),neg,-0.7758333333333334
(อุกอาจ - ADJ),neg,-0.775
(เทียบ - ADJ),neg,-0.7741666666666667
(ค้าบริการ - VERB),neg,-0.7733333333333333
(บางลายุ่ง - VERB),neg,-0.7725
(เบนิดอร์ม - VERB),neg,-0.7716666666666666
(ห่าง - ADV),neg,-0.7708333333333334
(ออกเฉียง - VERB),neg,-0.77
(มาเฟีย - ADV),neg,-0.7691666666666667
(รีบ - ADJ),neg,-0.7683333333333333
(ซ้ำ - ADJ),neg,-0.7675
(jetskis - VERB),neg,-0.7666666666666667
(สะท้อน - ADJ),neg,-0.7658333333333334
(ประเทศไทย - ADJ),neg,-0.765
(ถั่ว - ADJ),neg,-0.7641666666666667
(เร่งเร้า - ADJ),neg,-0.7633333333333333
(กำปั้น - ADJ),neg,-0.7625
(เชี่ยวชาญ - ADJ),neg,-0.7616666666666667
(ท้องร่วง - ADJ),neg,-0.7608333333333334
(มัด - VERB),neg,-0.76
(เหนื่อยล้า - VERB),neg,-0.7591666666666667
(ตราบ - ADV),neg,-0.7583333333333333
(แปรง - ADV),neg,-0.7575
(หล่น - VERB),neg,-0.7566666666666667
(ตำรวจ - VERB),neg,-0.7558333333333334
(ล่า - VERB),neg,-0.755
(ตกหลุม - VERB),neg,-0.7541666666666667
(กอริล - VERB),neg,-0.7533333333333333
(บานา - ADJ),neg,-0.7525
(กลฉ้อฉล - VERB),neg,-0.7516666666666667
(ยิมมวย - VERB),neg,-0.7508333333333334
(googled - VERB),neg,-0.75
(วิกฤติ - VERB),neg,-0.7491666666666666
(Street - VERB),neg,-0.7483333333333333
(บันเทิง - ADJ),neg,-0.7475
(ดีงาม - ADV),neg,-0.7466666666666667
(โสเภณี - ADJ),neg,-0.7458333333333333
(วิลล่า - VERB),neg,-0.745
(สถานอาบอบนวด - VERB),neg,-0.7441666666666666
(เพลิดเพลิน - ADJ),neg,-0.7433333333333333
(คุณเกา - VERB),neg,-0.7425
(เจาะจง - VERB),neg,-0.7416666666666667
(หาดกะตะแทน - VERB),neg,-0.7408333333333333
(กู้ - VERB),neg,-0.74
(คลาน - VERB),neg,-0.7391666666666666
(ต่อเนื่อง - ADV),neg,-0.7383333333333333
(พอง - VERB),neg,-0.7375
(อ้าง - ADV),neg,-0.7366666666666667
(เสื้อผ้า - ADJ),neg,-0.7358333333333333
(ฟื้น - VERB),neg,-0.735
(ละเมิด - VERB),neg,-0.7341666666666666
(แอ็คชั่น - VERB),neg,-0.7333333333333333
(ตุ๊กตุ๊กสั้น - ADJ),neg,-0.7325
(กล่อง - VERB),neg,-0.7316666666666667
(เซ่อ - VERB),neg,-0.7308333333333333
(ยาวเว้น - VERB),neg,-0.73
(คัดสรร - VERB),neg,-0.7291666666666666
(โทรโข่ง - VERB),neg,-0.7283333333333334
(อ้อม - ADJ),neg,-0.7275
(สถานที่อยู่อาศัย - VERB),neg,-0.7266666666666667
(โซน - ADJ),neg,-0.7258333333333333
(ไกด์ - VERB),neg,-0.725
(ที่สระ - ADV),neg,-0.7241666666666666
(บล็อก - VERB),neg,-0.7233333333333334
(สบายใจ - VERB),neg,-0.7225
(ปะ - VERB),neg,-0.7216666666666667
(แหวก - VERB),neg,-0.7208333333333333
(เข้ม - ADJ),neg,-0.72
(คาสิโน - VERB),neg,-0.7191666666666666
(จราจร - ADV),neg,-0.7183333333333334
(สุ่ม - ADJ),neg,-0.7175
(parasailors - VERB),neg,-0.7166666666666667
(แปลง - VERB),neg,-0.7158333333333333
(เบียร์ - ADJ),neg,-0.715
(ลืม - ADJ),neg,-0.7141666666666666
(ดั้งเดิม - ADV),neg,-0.7133333333333334
(เข็มฉีด - VERB),neg,-0.7125
(สิทธิ์ - VERB),neg,-0.7116666666666667
(นอน - ADJ),neg,-0.7108333333333333
(ช็อปปิ้ง - ADV),neg,-0.71
(เดอะมาเฟียแท็กซี่ - VERB),neg,-0.7091666666666666
(ตกลอง - VERB),neg,-0.7083333333333334
(ลอนดอน - ADJ),neg,-0.7075
(ดำเนินการ - VERB),neg,-0.7066666666666667
(โบย - ADV),neg,-0.7058333333333333
(เขตร้อน - VERB),neg,-0.705
(funtionable - ADJ),neg,-0.7041666666666667
(คริสตัลใส - VERB),neg,-0.7033333333333334
(เลข - VERB),neg,-0.7025
(ถนนใหญ่ - VERB),neg,-0.7016666666666667
(ปรุง - VERB),neg,-0.7008333333333333
(คอนโด - ADJ),neg,-0.7
(เทียน - VERB),neg,-0.6991666666666667
(อมา - ADJ),neg,-0.6983333333333334
(สะดวก - ADJ),neg,-0.6975
(มือ - ADJ),neg,-0.6966666666666667
(ตั๋ว - ADV),neg,-0.6958333333333333
(หนัก - ADV),neg,-0.695
(ตื่น - ADJ),neg,-0.6941666666666667
(เหยื่อ - VERB),neg,-0.6933333333333334
(จอด - ADJ),neg,-0.6925
(คลื่นใหญ่ - ADJ),neg,-0.6916666666666667
(เกาะกูดเกาะสมุย - VERB),neg,-0.6908333333333333
(ตาแทน - VERB),neg,-0.69
(คุณซื้อ - ADJ),neg,-0.6891666666666667
(ปัก - VERB),neg,-0.6883333333333334
(ส่งเสริม - VERB),neg,-0.6875
(ปาตงมัน - VERB),neg,-0.6866666666666666
(badgering - VERB),neg,-0.6858333333333333
(แผงขาย - VERB),neg,-0.685
(ต้ม - VERB),neg,-0.6841666666666667
(starbucks - VERB),neg,-0.6833333333333333
(กิ๊ก - VERB),neg,-0.6825
(สระ - ADV),neg,-0.6816666666666666
(เน่าดิบ - VERB),neg,-0.6808333333333333
(แก้ตัว - ADJ),neg,-0.68
(ตุ๊กตุ๊กมาเฟีย - VERB),neg,-0.6791666666666667
(แผ่นดิน - VERB),neg,-0.6783333333333333
(รส - ADJ),neg,-0.6775
(เชือก - ADJ),neg,-0.6766666666666666
(ไดรฟ์ - ADV),neg,-0.6758333333333333
(โต้แย้ง - VERB),neg,-0.675
(คลินิก - ADV),neg,-0.6741666666666667
(ซ้ำ - VERB),neg,-0.6733333333333333
(พลาสติก - ADJ),neg,-0.6725
(ล่ม - ADV),neg,-0.6716666666666666
(คุณค้นคว้า - ADJ),neg,-0.6708333333333333
(beachit - ADV),neg,-0.67
(คุณสมัคร - VERB),neg,-0.6691666666666667
(ยานพาหนะ - VERB),neg,-0.6683333333333333
(กรด - VERB),neg,-0.6675
(คุณแบล็คพูล - VERB),neg,-0.6666666666666666
(เต็นท์ - ADV),neg,-0.6658333333333334
(คุณมี - ADJ),neg,-0.665
(โกลาหล - ADJ),neg,-0.6641666666666667
(อพยพ - ADV),neg,-0.6633333333333333
(คุณซื้อ - VERB),neg,-0.6625
(คุณเศร้าโศก - VERB),neg,-0.6616666666666666
(คุณโต้เถียง - ADJ),neg,-0.6608333333333334
(เนปาล - ADJ),neg,-0.66
(ผ้าใบ - VERB),neg,-0.6591666666666667
(คุณประหยัด - VERB),neg,-0.6583333333333333
(บางอย่าง - VERB),neg,-0.6575
(จำแทน - VERB),neg,-0.6566666666666666
(โอ้โห - VERB),neg,-0.6558333333333334
(ด้าม - VERB),neg,-0.655
(ค้าต่าง - VERB),neg,-0.6541666666666667
(กัมพูชา - VERB),neg,-0.6533333333333333
(หอม - VERB),neg,-0.6525
(กลน้ำ - VERB),neg,-0.6516666666666666
(อ่าวมายา - ADJ),neg,-0.6508333333333334
(ตัวอย่าง - ADJ),neg,-0.65
(กร่ม - VERB),neg,-0.6491666666666667
(คุณพัฒน์พงษ์ - VERB),neg,-0.6483333333333333
(ยื่น - ADJ),neg,-0.6475
(เครียด - VERB),neg,-0.6466666666666666
(ไล่ล่า - VERB),neg,-0.6458333333333334
(มลพิษ - VERB),neg,-0.645
(waikiki - VERB),neg,-0.6441666666666667
(แสง - ADJ),neg,-0.6433333333333333
(ล่อ - VERB),neg,-0.6425
(ม็อบ - ADV),neg,-0.6416666666666667
(ระเบียง - ADV),neg,-0.6408333333333334
(จ้าง - ADV),neg,-0.64
(ตุ๊กตุ๊กดี - VERB),neg,-0.6391666666666667
(คดเคี้ยว - VERB),neg,-0.6383333333333333
(ขอบใจ - VERB),neg,-0.6375
(แออัดยัดเยียด - VERB),neg,-0.6366666666666667
(ถนนสกปรก - ADV),neg,-0.6358333333333334
(สปีดอส - VERB),neg,-0.635
(กปรก - VERB),neg,-0.6341666666666667
(คฤหาสน์ - VERB),neg,-0.6333333333333333
(ใส่ใจ - ADV),neg,-0.6325
(สมควร - ADJ),neg,-0.6316666666666667
(ล้อม - ADJ),neg,-0.6308333333333334
(แจ็คอัพ - VERB),neg,-0.63
(คุณสมบัติ - VERB),neg,-0.6291666666666667
(จู่โจม - VERB),neg,-0.6283333333333333
(บำบัด - VERB),neg,-0.6275
(สื่อสาร - VERB),neg,-0.6266666666666667
(รัสเซีย - ADJ),neg,-0.6258333333333334
(ยากลำบาก - ADJ),neg,-0.625
(การกุศล - VERB),neg,-0.6241666666666666
(ยาวเหยียด - VERB),neg,-0.6233333333333333
(โคลน - VERB),neg,-0.6225
(เกวียน - VERB),neg,-0.6216666666666667
(แปลกใหม่ - VERB),neg,-0.6208333333333333
(poooooof - VERB),neg,-0.62
(จูงใจ - VERB),neg,-0.6191666666666666
(จุดหมายปลายทาง - VERB),neg,-0.6183333333333333
(คุณคาด - VERB),neg,-0.6175
(คัดค้าน - VERB),neg,-0.6166666666666667
(ไนทอน - VERB),neg,-0.6158333333333333
(แฟน - VERB),neg,-0.615
(สูท - VERB),neg,-0.6141666666666666
(ไว้วางใจ - VERB),neg,-0.6133333333333333
(เศร้ามาก - ADJ),neg,-0.6125
(หนักหน่วง - ADJ),neg,-0.6116666666666667
(ยุ่งเหยิง - VERB),neg,-0.6108333333333333
(สปา - ADV),neg,-0.61
(นวด - ADJ),neg,-0.6091666666666666
(ร่มรื่น - ADJ),neg,-0.6083333333333333
(x - ADJ),neg,-0.6075
(ต้านทาน - VERB),neg,-0.6066666666666667
(ดูด - ADJ),neg,-0.6058333333333333
(โต๊ะ - VERB),neg,-0.605
(หลบหนี - VERB),neg,-0.6041666666666666
(ฉีก - VERB),neg,-0.6033333333333334
(พื้นฐาน - VERB),neg,-0.6025
(เช้าตรู่ - ADJ),neg,-0.6016666666666667
(อม - ADJ),neg,-0.6008333333333333
(ที่บิน - ADV),neg,-0.6
(กะตะสวรรค์ - VERB),neg,-0.5991666666666666
(กัมโบเดีย - VERB),neg,-0.5983333333333334
(น้ำเงิน - ADJ),neg,-0.5975
(ไอ - VERB),neg,-0.5966666666666667
(จองหอง - ADV),neg,-0.5958333333333333
(กระหน่ำ - VERB),neg,-0.595
(ก้าวหน้า - VERB),neg,-0.5941666666666666
(คุณรำคาญ - VERB),neg,-0.5933333333333334
(ก้น - VERB),neg,-0.5925
(ปะการัง - VERB),neg,-0.5916666666666667
(น้ำตาล - ADJ),neg,-0.5908333333333333
(วาน่า - VERB),neg,-0.59
(สาบาน - VERB),neg,-0.5891666666666666
(กะรนกะตะ - VERB),neg,-0.5883333333333334
(ตลก - ADV),neg,-0.5875
(ปริมาณ - ADV),neg,-0.5866666666666667
(เปื่อย - VERB),neg,-0.5858333333333333
(paragliders - VERB),neg,-0.585
(โชค - ADJ),neg,-0.5841666666666666
(เหงื่อ - VERB),neg,-0.5833333333333334
(ปลา - VERB),neg,-0.5825
(เจ้าของ - ADJ),neg,-0.5816666666666667
(รับผิดชอบ - VERB),neg,-0.5808333333333333
(ขโมย - VERB),neg,-0.58
(บิล - ADJ),neg,-0.5791666666666667
(โยน - ADJ),neg,-0.5783333333333334
(โฆษณา - VERB),neg,-0.5775
(บวก - ADJ),neg,-0.5766666666666667
(คุณพลาด - ADJ),neg,-0.5758333333333333
(ถอย - VERB),neg,-0.575
(ร่มเก่า - ADJ),neg,-0.5741666666666667
(ถนนปกติ - ADJ),neg,-0.5733333333333334
(ขี้ - ADJ),neg,-0.5725
(ตะกอน - VERB),neg,-0.5716666666666667
(ลองค้นหา - ADV),neg,-0.5708333333333333
(ร้านค้า - VERB),neg,-0.57
(รุมล้อม - VERB),neg,-0.5691666666666667
(อุปถัมภ์ - ADJ),neg,-0.5683333333333334
(ปรารถนา - VERB),neg,-0.5675
(ทรายละเอียด - VERB),neg,-0.5666666666666667
(google - VERB),neg,-0.5658333333333333
(แฝง - VERB),neg,-0.565
(หอย - ADJ),neg,-0.5641666666666667
(อนาคต - VERB),neg,-0.5633333333333334
(กุ้งสาม - VERB),neg,-0.5625
(phuket - VERB),neg,-0.5616666666666666
(thaliand - VERB),neg,-0.5608333333333333
(ไวรัส - VERB),neg,-0.56
(เมา - VERB),neg,-0.5591666666666667
(ซับซ้อน - ADJ),neg,-0.5583333333333333
(เอารัดเอาเปรียบ - ADV),neg,-0.5575
(ยัด - VERB),neg,-0.5566666666666666
(โง่ - VERB),neg,-0.5558333333333333
(ฉับพลัน - VERB),neg,-0.555
(พลาสติก - VERB),neg,-0.5541666666666667
(tooooooo - ADJ),neg,-0.5533333333333333
(ท่อ - ADJ),neg,-0.5525
(อาเจียน - VERB),neg,-0.5516666666666666
(ลื่น - VERB),neg,-0.5508333333333333
(birgolas karon - VERB),neg,-0.55
(ครอบครัว - VERB),neg,-0.5491666666666667
(บุกรุก - VERB),neg,-0.5483333333333333
(ไหล - ADV),neg,-0.5475
(โต้เถียง - ADV),neg,-0.5466666666666666
(ปฏิกูล - VERB),neg,-0.5458333333333333
(พัง - VERB),neg,-0.545
(ลิง - VERB),neg,-0.5441666666666667
(แกล้ง - ADJ),neg,-0.5433333333333333
(ฉุด - VERB),neg,-0.5425
(ขับขี่ - VERB),neg,-0.5416666666666666
(กลอง - VERB),neg,-0.5408333333333334
(โดนัท - VERB),neg,-0.54
(กระจ่าง - VERB),neg,-0.5391666666666667
(ping - VERB),neg,-0.5383333333333333
(อุปสรรค์ - VERB),neg,-0.5375
(เกลียด - ADV),neg,-0.5366666666666666
(แท็กซี่ - VERB),neg,-0.5358333333333334
(ตองเว้น - VERB),neg,-0.535
(คุกคาม - ADJ),neg,-0.5341666666666667
(ส้วม - VERB),neg,-0.5333333333333333
(hummm - ADJ),neg,-0.5325
(dvd - VERB),neg,-0.5316666666666666
(ตกใจ - VERB),neg,-0.5308333333333334
(ลำโพง - VERB),neg,-0.53
(ระมัดระวัง - ADV),neg,-0.5291666666666667
(กรอก - VERB),neg,-0.5283333333333333
(ยึดครอง - VERB),neg,-0.5275
(เลื่องลือ - VERB),neg,-0.5266666666666666
(คณะกรรมการการท่องเที่ยว - VERB),neg,-0.5258333333333334
( จำกัด - VERB),neg,-0.525
(เจ็บตา - VERB),neg,-0.5241666666666667
(คุณ พิทักษ์ - VERB),neg,-0.5233333333333333
(Patong - VERB),neg,-0.5225
(เกรียม - ADJ),neg,-0.5216666666666666
(น้ำตาล - VERB),neg,-0.5208333333333334
(พัน - VERB),neg,-0.52
(โสโครก - VERB),neg,-0.5191666666666667
(ฉ้อโกง - VERB),neg,-0.5183333333333333
(อัปยศ - ADJ),neg,-0.5175
(ครอบงำ - VERB),neg,-0.5166666666666667
(อ่อนโยน - VERB),neg,-0.5158333333333334
(หยาบคาย - VERB),neg,-0.515
(สั่นสะเทือน - VERB),neg,-0.5141666666666667
(ทำมาหากิน - ADJ),neg,-0.5133333333333333
(มังกร - ADV),neg,-0.5125
(ประสาท - VERB),neg,-0.5116666666666667
(ps - VERB),neg,-0.5108333333333334
(โจชั้น - ADV),neg,-0.51
(เว้น - ADJ),neg,-0.5091666666666667
(ปรักหักพัง - VERB),neg,-0.5083333333333333
(แคบ - VERB),neg,-0.5075
(ยินดี - VERB),neg,-0.5066666666666667
(งบ - ADV),neg,-0.5058333333333334
(เชิญ - VERB),neg,-0.505
(เข่า - VERB),neg,-0.5041666666666667
(การ์ด - VERB),neg,-0.5033333333333333
(desecration - VERB),neg,-0.5025
(ถนนสกปรก - ADJ),neg,-0.5016666666666667
(กะตะบู - VERB),neg,-0.5008333333333334
(โกรธ - VERB),neg,-0.5
(ค้นพบ - VERB),neg,-0.49916666666666665
(ๆ น้อย - ADV),neg,-0.49833333333333335
(ยิ้มแย้มแจ่มใส - VERB),neg,-0.4975
(เคร็ง - VERB),neg,-0.49666666666666665
(อ้วน - ADJ),neg,-0.49583333333333335
(เครื่องแบบ - VERB),neg,-0.495
(ตัดสิน - VERB),neg,-0.49416666666666664
(ลิ้ม - VERB),neg,-0.49333333333333335
(เหวี่ยง - VERB),neg,-0.4925
(เผา - VERB),neg,-0.49166666666666664
(กร่อย - VERB),neg,-0.49083333333333334
(เกลียว - VERB),neg,-0.49
(ถกเถียง - VERB),neg,-0.4891666666666667
(goin - ADJ),neg,-0.48833333333333334
(ขี้ - ADV),neg,-0.4875
(เมืองภูเก็ต - VERB),neg,-0.4866666666666667
(สบถ - ADJ),neg,-0.48583333333333334
(อนุรักษ์นิยม - ADJ),neg,-0.485
(กรรโชก - VERB),neg,-0.4841666666666667
(ค่ำ - ADJ),neg,-0.48333333333333334
(จืด - VERB),neg,-0.4825
(เหนื่อย - ADJ),neg,-0.4816666666666667
(เช่าเจ็ตส์ - VERB),neg,-0.48083333333333333
(รับมือ - ADJ),neg,-0.48
(งี่ - ADJ),neg,-0.4791666666666667
(หลอกลวง - VERB),neg,-0.47833333333333333
(ยาง - VERB),neg,-0.4775
(ไต่ - VERB),neg,-0.4766666666666667
(ขยะแขยง - VERB),neg,-0.47583333333333333
(เพศสัมพันธ์ - VERB),neg,-0.475
(ต้น - VERB),neg,-0.4741666666666667
(เลวทราม - VERB),neg,-0.47333333333333333
(ที่ปรึกษา - VERB),neg,-0.4725
(ชักชวน - VERB),neg,-0.4716666666666667
(นรก - VERB),neg,-0.4708333333333333
(jetskies - VERB),neg,-0.47
(ล้นมือ - VERB),neg,-0.4691666666666667
(คู่ - VERB),neg,-0.4683333333333333
(เขียง - ADV),neg,-0.4675
(สถานที่ - ADJ),neg,-0.4666666666666667
(p - VERB),neg,-0.4658333333333333
(เด็ก - ADV),neg,-0.465
(ยิม - VERB),neg,-0.46416666666666667
(โรงแรม - ADJ),neg,-0.4633333333333333
(คุณหลง - ADJ),neg,-0.4625
(อินเดีย - VERB),neg,-0.46166666666666667
(ใบ - VERB),neg,-0.4608333333333333
(เจ็ตสกีไรด์ - VERB),neg,-0.46
(นั้น จำกัด - VERB),neg,-0.45916666666666667
(เมืองเก่า - ADJ),neg,-0.4583333333333333
(เชียงใหม่ - ADJ),neg,-0.4575
(ต่ำต้อย - ADV),neg,-0.45666666666666667
(ทรายยาก - VERB),neg,-0.4558333333333333
(ปิงปอง - VERB),neg,-0.455
(คุณรวย - VERB),neg,-0.45416666666666666
(ปั่นเจ็ทสกี - VERB),neg,-0.4533333333333333
(เยือกเย็น - VERB),neg,-0.4525
(ธรรมชาติ - ADJ),neg,-0.45166666666666666
(ยูก - VERB),neg,-0.4508333333333333
(ลำพัง - ADV),neg,-0.45
(โผล่ - ADJ),neg,-0.44916666666666666
(แขวน - VERB),neg,-0.4483333333333333
(อนุญาต - ADJ),neg,-0.4475
(ซ่อน - ADJ),neg,-0.44666666666666666
(เการายการ - VERB),neg,-0.44583333333333336
(เร่ง - ADJ),neg,-0.445
(fakt - VERB),neg,-0.44416666666666665
(พายุ - VERB),neg,-0.44333333333333336
(แอสตาเลี่ยน - VERB),neg,-0.4425
(หมาย - ADJ),neg,-0.44166666666666665
(เชิง - VERB),neg,-0.44083333333333335
(สุดท้าย - VERB),neg,-0.44
(ขุ่นมัว - VERB),neg,-0.43916666666666665
(ลาน - VERB),neg,-0.43833333333333335
(ตุ๋น - VERB),neg,-0.4375
(แกะ - VERB),neg,-0.43666666666666665
(zillion - VERB),neg,-0.43583333333333335
(แน่น - ADJ),neg,-0.435
(สมควร - VERB),neg,-0.43416666666666665
(ปรับปรุง - VERB),neg,-0.43333333333333335
(ประทับใจ - VERB),neg,-0.4325
(Phucket - ADV),neg,-0.43166666666666664
(ลอนดอน - VERB),neg,-0.43083333333333335
(เสาะ - VERB),neg,-0.43
(พัน - ADJ),neg,-0.42916666666666664
(ตาด - VERB),neg,-0.42833333333333334
(ดูปะการัง - VERB),neg,-0.4275
(ดึงดูด - ADJ),neg,-0.4266666666666667
(กล่าวหา - VERB),neg,-0.42583333333333334
(ฐานะ - ADJ),neg,-0.425
(ประสงค์ - VERB),neg,-0.4241666666666667
(สนทนา - VERB),neg,-0.42333333333333334
(บ่อ - ADJ),neg,-0.4225
(กังกุน - VERB),neg,-0.4216666666666667
(พีพีแทน - VERB),neg,-0.42083333333333334
(คล้ำ - VERB),neg,-0.42
(ยอด - VERB),neg,-0.4191666666666667
(ต่อยหลาย - VERB),neg,-0.41833333333333333
(หลอก - VERB),neg,-0.4175
(ท้าทาย - VERB),neg,-0.4166666666666667
(ก๋วยเตี๋ยว - VERB),neg,-0.41583333333333333
(ก่อสร้าง - VERB),neg,-0.415
(ญาติ - ADJ),neg,-0.4141666666666667
(ทาน - ADJ),neg,-0.41333333333333333
(เกาะพีพี - VERB),neg,-0.4125
(ฉิบหาย - ADJ),neg,-0.4116666666666667
(กับดัก - VERB),neg,-0.41083333333333333
(เกาะปะการัง - VERB),neg,-0.41
(อาญา - ADJ),neg,-0.4091666666666667
(โกหก - ADJ),neg,-0.4083333333333333
(เหม็น - ADJ),neg,-0.4075
(เลิก - VERB),neg,-0.4066666666666667
(เศร้าใจ - VERB),neg,-0.4058333333333333
(ท่อ - VERB),neg,-0.405
(ประเมิน - VERB),neg,-0.4041666666666667
(มี จำกัด - VERB),neg,-0.4033333333333333
(ไหร่ - ADV),neg,-0.4025
(หลุม - VERB),neg,-0.40166666666666667
(กลิ้ง - VERB),neg,-0.4008333333333333
(งุนงง - VERB),neg,-0.4
(จัดปาร์ตี้ - VERB),neg,-0.39916666666666667
(ตุ๊กตุ๊กหยาบคาย - VERB),neg,-0.3983333333333333
(ก่อ - VERB),neg,-0.3975
(ตะ - VERB),neg,-0.39666666666666667
(คอ - VERB),neg,-0.3958333333333333
(เจอ - ADJ),neg,-0.395
(หมู - VERB),neg,-0.39416666666666667
(แข็งแกร่ง - ADJ),neg,-0.3933333333333333
(กำจัด - VERB),neg,-0.3925
(sportshave - VERB),neg,-0.39166666666666666
(ปนเปื้อน - VERB),neg,-0.3908333333333333
(คำราม - VERB),neg,-0.39
(หงุดหงิด - ADJ),neg,-0.38916666666666666
(คริสติล - VERB),neg,-0.3883333333333333
(บ้าคลั่ง - ADJ),neg,-0.3875
(เขี่ย - ADJ),neg,-0.38666666666666666
(ชั่วโมง - VERB),neg,-0.3858333333333333
(วาน - VERB),neg,-0.385
(ไปไหนมาไหน - VERB),neg,-0.38416666666666666
(เล่นเจ็ตสกี  - VERB),neg,-0.38333333333333336
(โดยสระ - ADJ),neg,-0.3825
(เกาะลันตา - ADJ),neg,-0.38166666666666665
(ถัง - ADV),neg,-0.38083333333333336
(ดม - VERB),neg,-0.38
(ห่อ - VERB),neg,-0.37916666666666665
(ไตรตรังและ - VERB),neg,-0.37833333333333335
(กาลิม กมลา - VERB),neg,-0.3775
(สงบสุข - ADJ),neg,-0.37666666666666665
(เมืองภูเก็ต - ADJ),neg,-0.37583333333333335
(โทร - ADJ),neg,-0.375
(สามสระ - ADJ),neg,-0.37416666666666665
(ตะโกน - VERB),neg,-0.37333333333333335
(กะเพื่อ - VERB),neg,-0.3725
(สถาน - VERB),neg,-0.37166666666666665
(สโมสร - ADV),neg,-0.37083333333333335
(สำลัก - VERB),neg,-0.37
(ละลาย - VERB),neg,-0.36916666666666664
(ตุ๊กตุ๊กโลภ - VERB),neg,-0.36833333333333335
(หัวเราะ - VERB),neg,-0.3675
(หาดป่า - ADJ),neg,-0.36666666666666664
(โกหก - VERB),neg,-0.36583333333333334
(เจ็ทสกีเสียง - ADV),neg,-0.365
(ด้วยซ้ำ - ADV),neg,-0.3641666666666667
(แชร์ - ADJ),neg,-0.36333333333333334
(กวางคา - VERB),neg,-0.3625
(วาง - ADJ),neg,-0.3616666666666667
(กรณี - VERB),neg,-0.36083333333333334
(ขยะแขยง - ADJ),neg,-0.36
(มลพิษ - ADJ),neg,-0.3591666666666667
(กมลาดัง - VERB),neg,-0.35833333333333334
(hawkers - VERB),neg,-0.3575
(เฉียง - ADV),neg,-0.3566666666666667
(raybans - VERB),neg,-0.35583333333333333
(บันเทิงทาง - VERB),neg,-0.355
(โบย - VERB),neg,-0.3541666666666667
(อ้าง - ADJ),neg,-0.35333333333333333
(คีรีสอร์ทแอนด์สปา - VERB),neg,-0.3525
(ครอก - ADJ),neg,-0.3516666666666667
(hypedi - VERB),neg,-0.35083333333333333
(เร่ร่อน - VERB),neg,-0.35
(จั่น - VERB),neg,-0.3491666666666667
(สลัว - VERB),neg,-0.34833333333333333
(กะตะแทน - VERB),neg,-0.3475
(ใส่ใจ - VERB),neg,-0.3466666666666667
(ล้มเหลว - VERB),neg,-0.3458333333333333
(เชื่อมโยง - VERB),neg,-0.345
(นอกพัฒน์พงษ์ - VERB),neg,-0.3441666666666667
(สุเหร่า - VERB),neg,-0.3433333333333333
(ตะโกน - ADJ),neg,-0.3425
(พาล - ADJ),neg,-0.3416666666666667
(บาร์สาว - ADJ),neg,-0.3408333333333333
(สังสรรค์ - ADV),neg,-0.34
(เทศบาล - VERB),neg,-0.33916666666666667
(ตากอากาศ - VERB),neg,-0.3383333333333333
(แปลกหน้า - ADJ),neg,-0.3375
(เลียน - VERB),neg,-0.33666666666666667
(มอเตอร์ไซค์ - VERB),neg,-0.3358333333333333
(แถบ - VERB),neg,-0.335
(เผย - VERB),neg,-0.33416666666666667
(แม่ขาย - VERB),neg,-0.3333333333333333
(รุนแรง - ADJ),neg,-0.3325
(อ่าน - ADJ),neg,-0.33166666666666667
(ออนไลน์ - ADJ),neg,-0.3308333333333333
(ละอาย - VERB),neg,-0.33
(ดูดี - VERB),neg,-0.32916666666666666
(อายุ - ADJ),neg,-0.3283333333333333
(หยิบ - VERB),neg,-0.3275
(เยี่ยมชมชายหาด - VERB),neg,-0.32666666666666666
(ตำรวจ - ADJ),neg,-0.3258333333333333
(หมอ - ADJ),neg,-0.325
(มืด - VERB),neg,-0.32416666666666666
(หลอด - VERB),neg,-0.3233333333333333
(เปล่า - VERB),neg,-0.3225
(ยื่น - VERB),neg,-0.32166666666666666
(เกลียดชัง - ADJ),neg,-0.32083333333333336
(เจ็ตส์ - VERB),neg,-0.32
(ฟอรัม - VERB),neg,-0.31916666666666665
(ขโมย - ADJ),neg,-0.31833333333333336
(ตั้งใจ - VERB),neg,-0.3175
(ผลิตภัณฑ์ - VERB),neg,-0.31666666666666665
(หนุ่มสาว - ADJ),neg,-0.31583333333333335
(อนุรักษ์นิยม - VERB),neg,-0.315
(แคบ - ADJ),neg,-0.31416666666666665
(หาดไกล - ADJ),neg,-0.31333333333333335
(marjory - ADJ),neg,-0.3125
(ใช้จ่าย - ADV),neg,-0.31166666666666665
(เคลื่อนไหว - VERB),neg,-0.31083333333333335
(พัก - ADJ),neg,-0.31
(เจ็บป่วย - VERB),neg,-0.30916666666666665
(เปรอะเปื้อน - ADJ),neg,-0.30833333333333335
(ควาน - VERB),neg,-0.3075
(บรรยาย - VERB),neg,-0.30666666666666664
(ยุก - VERB),neg,-0.30583333333333335
(วิวดี - VERB),neg,-0.305
(เคาะ - VERB),neg,-0.30416666666666664
(ตุ๊กตุ๊กวิ่ง - ADV),neg,-0.30333333333333334
(นึก - VERB),neg,-0.3025
(อ่าวป่า - ADJ),neg,-0.3016666666666667
(ผลัก - ADJ),neg,-0.30083333333333334
(กะตะน้อย - ADJ),neg,-0.3
(เหนื่อย - VERB),neg,-0.2991666666666667
(banlga - VERB),neg,-0.29833333333333334
(ปานกลาง - ADJ),neg,-0.2975
(เกาะภูเก็ต - VERB),neg,-0.2966666666666667
(ตี - VERB),neg,-0.29583333333333334
(สิ่งของ - ADJ),neg,-0.295
(เคารพ - VERB),neg,-0.2941666666666667
(กรัม - VERB),neg,-0.29333333333333333
(โอเวอร์คลาวด์ - ADJ),neg,-0.2925
(โลภ - ADJ),neg,-0.2916666666666667
(ก็ใส - VERB),neg,-0.29083333333333333
(ต่อสู้ - ADJ),neg,-0.29
(ทรยศ - ADJ),neg,-0.2891666666666667
(เอย - VERB),neg,-0.28833333333333333
(beahc - VERB),neg,-0.2875
(มืด - ADV),neg,-0.2866666666666667
(หาย - ADJ),neg,-0.28583333333333333
(ยา - ADJ),neg,-0.285
(แอบ - VERB),neg,-0.2841666666666667
(ปิดกั้น - VERB),neg,-0.2833333333333333
(dryreaching - VERB),neg,-0.2825
(กระทะ - VERB),neg,-0.2816666666666667
(คุณข้าม - VERB),neg,-0.2808333333333333
(สุดท้าย - ADV),neg,-0.28
(ฉวัดเฉวียน - VERB),neg,-0.2791666666666667
(ยุ่งยาก - ADJ),neg,-0.2783333333333333
(ถี่ - VERB),neg,-0.2775
(เจส - VERB),neg,-0.27666666666666667
(โด่งดัง - VERB),neg,-0.2758333333333333
(กะตะ - ADJ),neg,-0.275
(ฝน - VERB),neg,-0.27416666666666667
(คุม - VERB),neg,-0.2733333333333333
(กะตะคุณ - VERB),neg,-0.2725
(tempreture - ADJ),neg,-0.27166666666666667
(กระตุ้น - VERB),neg,-0.2708333333333333
(ติดเมนู - VERB),neg,-0.27
(มุ่งหน้า - ADV),neg,-0.26916666666666667
(ทราบ - ADV),neg,-0.2683333333333333
(เสียดาย - ADJ),neg,-0.2675
(กฎระเบียบ - VERB),neg,-0.26666666666666666
(โหลด - ADJ),neg,-0.2658333333333333
(แออัดเมือง - ADJ),neg,-0.265
(ขวด - VERB),neg,-0.26416666666666666
(ฟัน - ADJ),neg,-0.2633333333333333
(เกาะเต่า - ADJ),neg,-0.2625
(เกาะพะงัน - VERB),neg,-0.26166666666666666
(jetski - ADV),neg,-0.2608333333333333
(เรื่องราว - ADV),neg,-0.26
(จบ - ADJ),neg,-0.25916666666666666
(เร่งเร้าขาย - VERB),neg,-0.25833333333333336
(ป่า - ADV),neg,-0.2575
(เย็น - ADV),neg,-0.25666666666666665
(ระงับ - VERB),neg,-0.25583333333333336
(หน่วย - VERB),neg,-0.255
(ghos - VERB),neg,-0.25416666666666665
(กะตะกะ - VERB),neg,-0.25333333333333335
(pong - VERB),neg,-0.2525
(เสรี - ADJ),neg,-0.25166666666666665
(ถนนไทย - VERB),neg,-0.25083333333333335
(ตุ๋น - ADV),neg,-0.25
(หลง - VERB),neg,-0.24916666666666668
( น่า - VERB),neg,-0.24833333333333332
(ครอง - VERB),neg,-0.2475
(เซ็กส์ - VERB),neg,-0.24666666666666667
(ฉุด - ADJ),neg,-0.24583333333333332
(รีบ - VERB),neg,-0.245
(แทน - ADV),neg,-0.24416666666666667
(ถักเปีย - VERB),neg,-0.24333333333333335
(แพร่หลาย - VERB),neg,-0.2425
(คลั่งไคล้ - ADJ),neg,-0.24166666666666667
(สนอร์กเกิล - VERB),neg,-0.24083333333333334
(มืดมน - VERB),neg,-0.24
(กะตะราไวย์ - VERB),neg,-0.23916666666666667
(ล้นหลาม - VERB),neg,-0.23833333333333334
(ยากมาก - ADJ),neg,-0.2375
(คุณขาย - VERB),neg,-0.23666666666666666
(กว้างใหญ่ - ADJ),neg,-0.23583333333333334
(ศึกษา - VERB),neg,-0.235
(ราคา - ADV),neg,-0.23416666666666666
(สะท้อน - VERB),neg,-0.23333333333333334
(บาร์ - ADJ),neg,-0.2325
(ระเบียบ - ADJ),neg,-0.23166666666666666
(ทางการ - ADJ),neg,-0.23083333333333333
(ก้าว - ADV),neg,-0.23
(ดูถูก - VERB),neg,-0.22916666666666666
(paton - VERB),neg,-0.22833333333333333
(ตกตะลึง - VERB),neg,-0.2275
(ยึดครอง - ADJ),neg,-0.22666666666666666
(วิถีทาง - VERB),neg,-0.22583333333333333
(อับอาย - VERB),neg,-0.225
(เสน่ห์ - ADV),neg,-0.22416666666666665
(ประเทศอังกฤษ - ADV),neg,-0.22333333333333333
(จังหวัดอื่น - ADV),neg,-0.2225
(สิ้นสุด - ADJ),neg,-0.22166666666666668
(costa - VERB),neg,-0.22083333333333333
(boatsthis - VERB),neg,-0.22
(เยี่ยมชมเชียงใหม่ - ADJ),neg,-0.21916666666666668
(มุมมอง - ADV),neg,-0.21833333333333332
(เรี่ยวแรง - ADJ),neg,-0.2175
(รู้ - ADJ),neg,-0.21666666666666667
(สิ้นเชิง - ADJ),neg,-0.21583333333333332
(แพคเกจ - ADJ),neg,-0.215
(ซื้อ - ADJ),neg,-0.21416666666666667
(เฉียง - VERB),neg,-0.21333333333333335
(ลิฟท์ - ADV),neg,-0.2125
(ต่อเมื่อ - VERB),neg,-0.21166666666666667
(กูตาชาย - VERB),neg,-0.21083333333333334
(ติด - ADV),neg,-0.21
(โสโครกสกปรก - VERB),neg,-0.20916666666666667
(สัญญาณ - VERB),neg,-0.20833333333333334
(การเจ็ทสกี - VERB),neg,-0.2075
(โรงแรมสะอาด - ADJ),neg,-0.20666666666666667
(กี่ - ADV),neg,-0.20583333333333334
(งี่เง่า - ADJ),neg,-0.205
(อึ - ADJ),neg,-0.20416666666666666
(คูตาบาหลีสวรรค์ - VERB),neg,-0.20333333333333334
(กลยุทธ์ - VERB),neg,-0.2025
(ผยอง - ADJ),neg,-0.20166666666666666
(เกาะสมุย - VERB),neg,-0.20083333333333334
(จู้จี้ - VERB),neg,-0.2
(รถ - VERB),neg,-0.19916666666666666
(ซื่อสัตย์ - ADV),neg,-0.19833333333333333
(ไตรตรัง - VERB),neg,-0.1975
(ทั่วไป - VERB),neg,-0.19666666666666666
(ถังขยะ - VERB),neg,-0.19583333333333333
(ย้อม - ADJ),neg,-0.195
(โง่ - ADJ),neg,-0.19416666666666665
(ครู่ - VERB),neg,-0.19333333333333333
(แออัดยัดเยียด - ADJ),neg,-0.1925
(เสื่อม - VERB),neg,-0.19166666666666668
(อิ่ม - VERB),neg,-0.19083333333333333
(คาเฟ่บน - VERB),neg,-0.19
(คุณเหม็น - ADJ),neg,-0.18916666666666668
(เงียบกว่า - ADV),neg,-0.18833333333333332
(เคารพ - ADV),neg,-0.1875
(ยืน - ADJ),neg,-0.18666666666666668
(จรจัด - VERB),neg,-0.18583333333333332
(แปลกใหม่ - ADJ),neg,-0.185
(ยานยนต์ - VERB),neg,-0.18416666666666667
(โทรม - ADJ),neg,-0.18333333333333332
(karon - VERB),neg,-0.1825
(หรูหรา - ADJ),neg,-0.18166666666666667
(สมูทตี้ - VERB),neg,-0.18083333333333335
(แย่ - ADV),neg,-0.18
(ต่อกร - VERB),neg,-0.17916666666666667
(เดิม - ADV),neg,-0.17833333333333334
(ลุย - VERB),neg,-0.1775
(ที่นี่ - ADJ),neg,-0.17666666666666667
(พยาน - VERB),neg,-0.17583333333333334
(เจ็ตสกีนั้น - ADV),neg,-0.175
(ยัดเยียด - ADJ),neg,-0.17416666666666666
(ลาดตระเวน - VERB),neg,-0.17333333333333334
(โอเค - VERB),neg,-0.1725
(คุณกำลัง - ADJ),neg,-0.17166666666666666
(สุนัข - VERB),neg,-0.17083333333333334
(มอเตอร์ไซด์ - ADJ),neg,-0.17
(ตะปบ - VERB),neg,-0.16916666666666666
(อุจจาระ - ADJ),neg,-0.16833333333333333
(ปลาตาย - VERB),neg,-0.1675
(ด่าง - VERB),neg,-0.16666666666666666
(โผล่ - VERB),neg,-0.16583333333333333
(เยิ้ม - VERB),neg,-0.165
(ประอยู่ - VERB),neg,-0.16416666666666666
(ปลุก - VERB),neg,-0.16333333333333333
(ลูสหรือ - ADV),neg,-0.1625
(จุดประสงค์ - VERB),neg,-0.16166666666666665
(กลับกลาย - VERB),neg,-0.16083333333333333
(สาหร่าย - VERB),neg,-0.16
(เหมา - VERB),neg,-0.15916666666666668
(ก้าวเท้า - VERB),neg,-0.15833333333333333
(บุหรี่ - VERB),neg,-0.1575
(สวน - VERB),neg,-0.15666666666666668
(รั่ว - ADJ),neg,-0.15583333333333332
(youtube - VERB),neg,-0.155
(โปรโมต - ADJ),neg,-0.15416666666666667
(อิ่มตัว - ADJ),neg,-0.15333333333333332
(กระชับ - VERB),neg,-0.1525
(เล่นเจ็ตสกี - VERB),neg,-0.15166666666666667
(magaluf - VERB),neg,-0.15083333333333335
(เหนื่อย - ADV),neg,-0.15
(ปัจจัย - VERB),neg,-0.14916666666666667
(คุณคุณ - ADJ),neg,-0.14833333333333334
(ตรงกันข้าม - ADJ),neg,-0.1475
(สาธารณะ - VERB),neg,-0.14666666666666667
(เพ้อ - ADJ),neg,-0.14583333333333334
(โอ้อวด - VERB),neg,-0.145
(จราจร - VERB),neg,-0.14416666666666667
(parasail - VERB),neg,-0.14333333333333334
(คุณสนใจ - VERB),neg,-0.1425
(ฝัน - VERB),neg,-0.14166666666666666
(สติ - VERB),neg,-0.14083333333333334
(กำแพง - VERB),neg,-0.14
(เมฆ - VERB),neg,-0.13916666666666666
(เทา - VERB),neg,-0.13833333333333334
(เกรงใจ - VERB),neg,-0.1375
(torquise - VERB),neg,-0.13666666666666666
(แยกแยะ - VERB),neg,-0.13583333333333333
(อุบัติเหตุ - ADJ),neg,-0.135
(sharm - VERB),neg,-0.13416666666666666
(พยาบาล - VERB),neg,-0.13333333333333333
(กล - VERB),neg,-0.1325
(ลุก - VERB),neg,-0.13166666666666665
(เหลือทิ้ง - VERB),neg,-0.13083333333333333
(จักร - VERB),neg,-0.13
(ถนนพัฒน์พงศ์ - VERB),neg,-0.12916666666666668
(สูบ - VERB),neg,-0.12833333333333333
(กมลาแหลม - VERB),neg,-0.1275
(สเปน - VERB),neg,-0.12666666666666668
(สแกน - VERB),neg,-0.12583333333333332
(กมลาซัน - VERB),neg,-0.125
(ปรก - VERB),neg,-0.12416666666666666
(เสน่ห์ - ADJ),neg,-0.12333333333333334
(ตุ๊กตุ๊กขั้น - ADJ),neg,-0.1225
(ไฮซีซั่น - VERB),neg,-0.12166666666666667
(หาดกะรน - ADJ),neg,-0.12083333333333333
(กะตะทาง - VERB),neg,-0.12
(ตองแทน - VERB),neg,-0.11916666666666667
(ตรงไปตรงมา - VERB),neg,-0.11833333333333333
(หลีกเลี่ยง - ADV),neg,-0.1175
(คุณขาด - VERB),neg,-0.11666666666666667
(นิสัย - VERB),neg,-0.11583333333333333
(คุณป่า - VERB),neg,-0.115
(ระเบียบ - VERB),neg,-0.11416666666666667
(ล้า - ADJ),neg,-0.11333333333333333
(ทำร้าย - ADJ),neg,-0.1125
(เสมอ - VERB),neg,-0.11166666666666666
(ขอโทษ - VERB),neg,-0.11083333333333334
(วิจารณ์ - VERB),neg,-0.11
(ดูแอ - VERB),neg,-0.10916666666666666
(ละอาย - ADV),neg,-0.10833333333333334
(ไปด้วย - ADV),neg,-0.1075
(เสพ - ADJ),neg,-0.10666666666666667
(กรีซ - VERB),neg,-0.10583333333333333
(อุทยาน - ADJ),neg,-0.105
(คลอง - VERB),neg,-0.10416666666666667
(ปาลา - VERB),neg,-0.10333333333333333
(แวบ - VERB),neg,-0.1025
(ยุ่งเกิน - ADV),neg,-0.10166666666666667
(กมลาหาดกะรน - VERB),neg,-0.10083333333333333
(ทิศ - ADV),neg,-0.1
(ปาก - VERB),neg,-0.09916666666666667
(ต่อย - ADV),neg,-0.09833333333333333
(เกษียณ - VERB),neg,-0.0975
(แนวโน้ม - VERB),neg,-0.09666666666666666
(ล็อค - VERB),neg,-0.09583333333333334
(คู่ - ADJ),neg,-0.095
(disbeliever - ADJ),neg,-0.09416666666666666
(ยืน - ADV),neg,-0.09333333333333334
(หาบ - ADJ),neg,-0.0925
(sx - VERB),neg,-0.09166666666666666
(รวย - VERB),neg,-0.09083333333333334
(หมวก - ADJ),neg,-0.09
(เจ็ตสกีหลอกลวง - ADJ),neg,-0.08916666666666667
(ขาดแคลน - VERB),neg,-0.08833333333333333
(ซื่อสัตย์สุจริต - VERB),neg,-0.0875
(กะเหรี่ยง - VERB),neg,-0.08666666666666667
(โอกาส - ADJ),neg,-0.08583333333333333
(ยาห์บาห์ - VERB),neg,-0.085
(ป่าเถื่อน - VERB),neg,-0.08416666666666667
(phuketremember - ADV),neg,-0.08333333333333333
(คุณแท็กซี่ - VERB),neg,-0.0825
(ยั่งยืน - VERB),neg,-0.08166666666666667
(เสียหาย - ADJ),neg,-0.08083333333333333
(dopers - VERB),neg,-0.08
(jetskies - ADJ),neg,-0.07916666666666666
(หาดกะตะน้อย - ADV),neg,-0.07833333333333334
(ขีด จำกัด - VERB),neg,-0.0775
(หาดกะรน - ADV),neg,-0.07666666666666666
(ทำลาย - ADV),neg,-0.07583333333333334
(เกียจ - VERB),neg,-0.075
(กะตะหาดกะรน - VERB),neg,-0.07416666666666667
(btls - VERB),neg,-0.07333333333333333
(กระจาย - VERB),neg,-0.0725
(ปลอดโปร่ง - ADJ),neg,-0.07166666666666667
(จงใจ - VERB),neg,-0.07083333333333333
(กะตะหาดสวรรค์ - VERB),neg,-0.07
(ซ้าย - VERB),neg,-0.06916666666666667
(อ่าวทาง - VERB),neg,-0.06833333333333333
(ครึกโครม - VERB),neg,-0.0675
(onit - VERB),neg,-0.06666666666666667
(ต่อต้าน - VERB),neg,-0.06583333333333333
(transportatio - VERB),neg,-0.065
(suks - VERB),neg,-0.06416666666666666
(ตง - VERB),neg,-0.06333333333333334
(plesant - ADV),neg,-0.0625
(ประเด็น - VERB),neg,-0.06166666666666667
(ฉกฉวย - VERB),neg,-0.060833333333333336
(คุณนำ - VERB),neg,-0.06
(katathe - VERB),neg,-0.059166666666666666
(moto - VERB),neg,-0.058333333333333334
(รสชาติ - VERB),neg,-0.0575
(เศร้า - ADJ),neg,-0.056666666666666664
(คุ้มครอง - VERB),neg,-0.05583333333333333
(การอน - VERB),neg,-0.055
(ลูกน้อง - VERB),neg,-0.05416666666666667
(บริการ - ADV),neg,-0.05333333333333334
(อยู่แล้ว - ADV),neg,-0.0525
(โบราเคย์ - ADV),neg,-0.051666666666666666
(สิ่งของ - VERB),neg,-0.050833333333333335
(ถนนร้อนแรง - ADJ),neg,-0.05
(ถนนบังกาลอร์ - VERB),neg,-0.049166666666666664
(ยุ่งเหยิง - ADV),neg,-0.04833333333333333
(จักรยาน - ADV),neg,-0.0475
(เริ่มต้น - ADV),neg,-0.04666666666666667
(ขัด - VERB),neg,-0.04583333333333333
(ทิศ - ADJ),neg,-0.045
(กระจัดกระจาย - VERB),neg,-0.04416666666666667
(การ จำกัด - VERB),neg,-0.043333333333333335
(ตาราง - VERB),neg,-0.0425
(อึกทึก - VERB),neg,-0.041666666666666664
(สลดใจ - VERB),neg,-0.04083333333333333
(เกา - ADJ),neg,-0.04
(etcsellers - ADJ),neg,-0.03916666666666667
(ตะวันออก - VERB),neg,-0.03833333333333333
(แทง - VERB),neg,-0.0375
(hookers - ADJ),neg,-0.03666666666666667
(palma - VERB),neg,-0.035833333333333335
(คว่ำเรา - VERB),neg,-0.035
(ฮันนีมูน - ADV),neg,-0.034166666666666665
(จ้างเจ็ทสกี - VERB),neg,-0.03333333333333333
(คีออส - VERB),neg,-0.0325
(ตัวแทน - VERB),neg,-0.03166666666666667
(karon - ADJ),neg,-0.030833333333333334
(ผื่น - VERB),neg,-0.03
(ทะเลเมดิเตอร์เรเนียน - VERB),neg,-0.029166666666666667
(โว - VERB),neg,-0.028333333333333332
(ร่อน - ADJ),neg,-0.0275
(kata - VERB),neg,-0.02666666666666667
(แขน - VERB),neg,-0.025833333333333333
(สาวประเภทสอง - ADV),neg,-0.025
(คลองทาง - VERB),neg,-0.024166666666666666
(ทักทาย - VERB),neg,-0.023333333333333334
(pilage - VERB),neg,-0.0225
(กะตะและ - VERB),neg,-0.021666666666666667
(หาดบานา - ADJ),neg,-0.020833333333333332
(มลพิษ - ADV),neg,-0.02
(บ้านเต่า - ADV),neg,-0.019166666666666665
(หาดสุริง - ADJ),neg,-0.018333333333333333
(พัทยา - ADV),neg,-0.0175
(อุดหนุน - VERB),neg,-0.016666666666666666
(รอบ - ADV),neg,-0.015833333333333335
(กมลาสุรินทร์ - VERB),neg,-0.015
(ตะน้อย - ADV),neg,-0.014166666666666666
(อพาร์ทเมนท์ - ADJ),neg,-0.013333333333333334
(lucikly - VERB),neg,-0.0125
(เลานจ์ - ADV),neg,-0.011666666666666667
(กลาง - ADV),neg,-0.010833333333333334
(กะรน - ADV),neg,-0.01
(หาดกมลา - ADJ),neg,-0.009166666666666667
(รายละเอียด - ADJ),neg,-0.008333333333333333
(กระบี่ - ADV),neg,-0.0075
(jetskis - ADV),neg,-0.006666666666666667
(จับตาดู - VERB),neg,-0.005833333333333334
(อับอาย - ADJ),neg,-0.005
(myther - ADV),neg,-0.004166666666666667
(fpr เฮนน่า - VERB),neg,-0.0033333333333333335
(peacefullget - VERB),neg,-0.0025
(ปกครองป่า - VERB),neg,-0.0016666666666666668
