word,node-label
(คอร์รัปชั่น - VERB),neg
(แสน - ADJ),neg
(เปียก - VERB),neg
(ปลายทาง - VERB),neg
(คาลิม - VERB),neg
(คาดเดา - VERB),neg
(เหม็นเหม็น - VERB),neg
(กุ้งก้ามกราม - VERB),neg
(กาลเวลา - VERB),neg
(โกรธ - ADJ),neg
(ข้าวของ - VERB),neg
(ลำลอง - ADJ),neg
(พัฒน์พงษ์ สวรรค์ - ADV),neg
(กูตา - VERB),neg
(พิสูจน์ - VERB),neg
(ลาง - ADV),neg
(งดงาม - ADV),neg
(คาดเข็มขัดสิ่ว - VERB),neg
(กลอเรีย - VERB),neg
(ขู่ - VERB),neg
(เจริญเติบโต - VERB),neg
(บูชา - VERB),neg
(ย้าย - ADJ),neg
(ไฮซี - VERB),neg
(แบน - VERB),neg
(เนปาลพม่า - ADJ),neg
(ไอพ่น - ADV),neg
(สนิท - VERB),neg
(ไอศครีม - VERB),neg
(เหมาะ - ADV),neg
(เมตร - ADV),neg
(แข่งขัน - VERB),neg
(โทร - VERB),neg
(กำไร - VERB),neg
(btw - VERB),neg
(ยิง - VERB),neg
(ยัก - VERB),neg
(ริบเบียน - VERB),neg
(จำนวน จำกัด - VERB),neg
(ฉวย - ADJ),neg
(beachfullof - VERB),neg
(ผลิ - VERB),neg
(นาฬิกา - VERB),neg
(ชี้ - VERB),neg
(เช็ดตัว - ADJ),neg
(ไล่ - VERB),neg
(ส่อง - VERB),neg
(สุก - VERB),neg
(สม่ำเสมอ - ADJ),neg
(เศร้าเศร้าเสียใจ - VERB),neg
(สรรพสินค้าแทน - VERB),neg
(หาดกะตะ - VERB),neg
(ปอง - VERB),neg
(ร้อนแรง - ADJ),neg
(กดดัน - VERB),neg
(ถนนปาร์ตี้ - VERB),neg
(ปฏิบัติการ - VERB),neg
(อพยพ - ADJ),neg
(ไทม์ - ADV),neg
(คลื่นไมอามี่เซาท์บีช - VERB),neg
(แท็กซี่ - ADV),neg
(เฮ้ฉัน - VERB),neg
(คอก - VERB),neg
(เลี้ยว - ADJ),neg
(หาน - ADJ),neg
(ขีดข่วน - VERB),neg
(ต้น - ADJ),neg
(บัง - VERB),neg
(กระสอบ - VERB),neg
(ดิสโก้ - VERB),neg
(ดีเลิศ - VERB),neg
(จอง - ADV),neg
(นิ้ว - VERB),neg
(คิว - VERB),neg
(จดจำ - VERB),neg
(หลากหลาย - ADJ),neg
(เลง - VERB),neg
(patong - ADJ),neg
(แปร - VERB),neg
(นรก - ADJ),neg
(รีสอร์ท - ADJ),neg
(แกล้ง - ADV),neg
(คุณเมา - VERB),neg
(ทุบ - VERB),neg
(แก้ว - ADV),neg
(ชดเชย - ADV),neg
(ดิสนีย์แลนด์ - VERB),neg
(ตัด - ADV),neg
(องค์ - ADV),neg
(การค้าจังซีลอน - VERB),neg
(กาม - VERB),neg
(กะทันหัน - VERB),neg
(สไมล์ - ADJ),neg
(คุณกล้า - ADJ),neg
(fluro - VERB),neg
(ท่อง - VERB),neg
(เจ็ตสกีไหม - VERB),neg
(สม่ำเสมอ - VERB),neg
(น้ำเสียง - ADV),neg
(ย่น - VERB),neg
(ท่า - ADV),neg
(สมัคร - VERB),neg
(สักเฮน - VERB),neg
(คลึง - VERB),neg
(ลอนดอน - ADV),neg
(รอคอย - VERB),neg
(ก่อตัว - VERB),neg
(monger - ADJ),neg
(คว่ำ - VERB),neg
(ซ้อน - VERB),neg
(ย่อ - VERB),neg
(barachout - ADJ),neg
(คุณบิน - VERB),neg
(ขั้นตอน - VERB),neg
(คณะ - VERB),neg
(บวม - VERB),neg
(คอนโด - VERB),neg
(คุณหวัง - VERB),neg
(โรคภัยไข้เจ็บ - VERB),neg
(ไหล่ - VERB),neg
(หลากหลาย - VERB),neg
(เหมือน - ADV),neg
(อูฐ - ADJ),neg
(สำรับ - VERB),neg
(จังหวัด - VERB),neg
(กลั่นแกล้ง - ADJ),neg
(กางเกง - VERB),neg
(กึกก้อง - VERB),neg
(กลลวง - VERB),neg
(คุณสัมผัส - VERB),neg
(โป๊ะ - VERB),neg
(ฝึกฝน - VERB),neg
(กระทบกระเทือน - VERB),neg
(โอ้โจร - ADJ),neg
(รีด - VERB),neg
(กลัว - ADV),neg
(รบ - VERB),neg
(ไอศ - VERB),neg
(ติดตั้ง - VERB),neg
(ตูม - VERB),neg
(คุณเว้น - VERB),neg
(ต่อรอง - ADJ),neg
(ตรวจสอบ - ADV),neg
(บกพร่อง - VERB),neg
(ฉีด - VERB),neg
(บรรยากาศ - ADV),neg
(ย้อนกลับ - ADJ),neg
(แข่ง - VERB),neg
(bashings - VERB),neg
(หลีกหนี - VERB),neg
(โบ๊ท - VERB),neg
(ตื่น - ADV),neg
(เปลือย - ADV),neg
(คิ้ว - VERB),neg
(สถานที่ - VERB),neg
(เปลื้อง - VERB),neg
(ราบ - ADJ),neg
(คัดท้าย - VERB),neg
(ตบ - VERB),neg
(องค์ - VERB),neg
(airbnb - VERB),neg
(คุณผลัก - VERB),neg
(กอด - VERB),neg
(กาฬโรค - VERB),neg
(ซับซ้อน - VERB),neg
(กลโกง - VERB),neg
(น่ากลัว - ADV),neg
(ล้อเลียน - VERB),neg
(น - VERB),neg
(ชอบคาร์ท - ADV),neg
(กลับมา - VERB),neg
(ค้าทาง - VERB),neg
(จักรยาน - ADJ),neg
(แจ้ง - VERB),neg
(เวอร์ชั่น - VERB),neg
(เจ็ทสกีบานา - ADJ),neg
(กึ่ง - VERB),neg
(เติม - VERB),neg
(ดึง - ADV),neg
(ศอก - VERB),neg
(บอด - VERB),neg
(รุกราน - VERB),neg
(เต็นท์ - ADJ),neg
(ประดิษฐ์ - VERB),neg
(นับถือ - VERB),neg
(ทน - ADV),neg
(ได้ยิน - ADV),neg
(อึดอัด - VERB),neg
(ยกเว้น - ADJ),neg
(ทิศ - VERB),neg
(ขยับ - VERB),neg
(แรมอมา - ADJ),neg
(แผ่ - VERB),neg
(เศร้า - ADV),neg
(รายละเอียด - VERB),neg
(โน้มน้าว - VERB),neg
(เลอเมอริเดียน - VERB),neg
(สงบเงียบ - VERB),neg
(สะเทือน - VERB),neg
(รีวิว - VERB),neg
(kala - ADJ),neg
(แสวงหา - ADJ),neg
(ยาง - ADV),neg
(สมบูรณ์แบบ - VERB),neg
(เผ่าพันธุ์ - VERB),neg
(โทรม - VERB),neg
(อาหาร - VERB),neg
(เตะ - ADJ),neg
(ดำเนินการ - ADJ),neg
(น้ำมืด - VERB),neg
(บีบบังคับ - VERB),neg
(ลา - ADJ),neg
(ไถ - VERB),neg
(buuuuuuttt - VERB),neg
(ปาตง - VERB),neg
(หอคอย - VERB),neg
(ระบาด - VERB),neg
(บริษัท เจ็ทสกี - VERB),neg
(เกลือ - VERB),neg
(โจมตี - ADJ),neg
(สะพานหิน - ADJ),neg
(ลังเล - ADJ),neg
(คุณบ้า - VERB),neg
(วิถี - VERB),neg
(ตลาด - ADV),neg
(หลุด - VERB),neg
(ฟัน - VERB),neg
(fundont - ADV),neg
(กูตเตอร์ - VERB),neg
(ลูกค้า - VERB),neg
(เส็ง - VERB),neg
(กลยุทธ์ - ADV),neg
(ซ้ำ - ADV),neg
(ดัก - ADJ),neg
(ถือถัง - VERB),neg
(ขัน - VERB),neg
(ทั่วไป - ADV),neg
(ถนนบางลาเศร้า - VERB),neg
(บุก - VERB),neg
(แกะสลัก - ADJ),neg
(โสเภณี - VERB),neg
(ถ้วน - ADJ),neg
(ดัน - VERB),neg
(ฉุกเฉิน - ADJ),neg
(รายงาน - VERB),neg
(พัด - VERB),neg
(ขีด - VERB),neg
(ริม - VERB),neg
(สเตียรอยด์ - ADJ),neg
(เกาะอื่น - ADJ),neg
(เครื่องหมาย - ADJ),neg
(สองสาม - ADV),neg
(มือ - VERB),neg
(คุณก้าว - VERB),neg
(ลามกอนาจาร - ADJ),neg
(เสิร์ฟ - VERB),neg
(คลำหา - VERB),neg
(ระเบียง - VERB),neg
(เลี้ยว - VERB),neg
(โล่ง - ADV),neg
(ซื่อสัตย์ - VERB),neg
(หมื่น - ADJ),neg
(ควาย - VERB),neg
(อนามัย - ADJ),neg
(ตุ๊กตุ๊กใน - VERB),neg
(หนุน - VERB),neg
(โลชั่น - VERB),neg
(ผูกขาด - VERB),neg
(เป้าหมาย - ADJ),neg
(คุณไป - ADJ),neg
(เตกี - VERB),neg
(คีรีสอร์ท - VERB),neg
(เร่ - ADJ),neg
(ยนต์ - ADJ),neg
(กันแดด - VERB),neg
(ตุ๊กตุ๊กมาเฟีย - ADJ),neg
(กก - VERB),neg
(แอสฟัลต์ - ADJ),neg
(การ์ด - ADJ),neg
(ลองขาย - VERB),neg
(เมตร - VERB),neg
(ยาง - ADJ),neg
(ดำรง - VERB),neg
(บัส - ADJ),neg
(ติดตาม - ADV),neg
(สิ่งมาก - ADJ),neg
(สวรรค์ - ADJ),neg
(ย้าย - ADV),neg
(ซ้ำแล้วซ้ำ - ADV),neg
(เที่ยว - ADJ),neg
(กลบ - VERB),neg
(อนด์คลิฟรีสอร์ทแอนด์สปา - ADJ),neg
(ครีม - VERB),neg
(ทิศทาง - VERB),neg
(ดิ้นรน - VERB),neg
(ด้อย - ADJ),neg
(ใกล้ชัดเจน - ADJ),neg
(เจ็ท - VERB),neg
(ตุ๊กตุ๊กข้าม - VERB),neg
(อ่อนโยน - ADJ),neg
(โสร่ง - ADJ),neg
(เดียงสา - ADJ),neg
(ผิดพลาด - ADJ),neg
(กุมภาพันธ์ - VERB),neg
(กระเบื้อง - VERB),neg
(ลอย - ADJ),neg
(ทำใจ - ADV),neg
(เจ็ทสกี - ADV),neg
(แวะ - VERB),neg
(สว่างไสว - VERB),neg
(แพน - VERB),neg
(โบ๊ท - ADJ),neg
(อุกอาจ - ADJ),neg
(เทียบ - ADJ),neg
(ค้าบริการ - VERB),neg
(บางลายุ่ง - VERB),neg
(เบนิดอร์ม - VERB),neg
(ห่าง - ADV),neg
(ออกเฉียง - VERB),neg
(มาเฟีย - ADV),neg
(ฉลาด - ADJ),neg
(รีบ - ADJ),neg
(ซ้ำ - ADJ),neg
(jetskis - VERB),neg
(สะท้อน - ADJ),neg
(ประเทศไทย - ADJ),neg
(ถั่ว - ADJ),neg
(เร่งเร้า - ADJ),neg
(กำปั้น - ADJ),neg
(เชี่ยวชาญ - ADJ),neg
(เข็น - ADJ),neg
(ท้องร่วง - ADJ),neg
(มัด - VERB),neg
(เหนื่อยล้า - VERB),neg
(ยิ้ม - ADV),neg
(ตราบ - ADV),neg
(แปรง - ADV),neg
(หล่น - VERB),neg
(ตำรวจ - VERB),neg
(ล่า - VERB),neg
(ตกหลุม - VERB),neg
(กอริล - VERB),neg
(บานา - ADJ),neg
(กลฉ้อฉล - VERB),neg
(ยิมมวย - VERB),neg
(googled - VERB),neg
(วิกฤติ - VERB),neg
(Street - VERB),neg
(บันเทิง - ADJ),neg
(ดีงาม - ADV),neg
(โสเภณี - ADJ),neg
(วิลล่า - VERB),neg
(สถานอาบอบนวด - VERB),neg
(เพลิดเพลิน - ADJ),neg
(คุณเกา - VERB),neg
(เจาะจง - VERB),neg
(หาดกะตะแทน - VERB),neg
(กู้ - VERB),neg
(คลาน - VERB),neg
(ต่อเนื่อง - ADV),neg
(พอง - VERB),neg
(อ้าง - ADV),neg
(เสื้อผ้า - ADJ),neg
(สกปรก - VERB),neg
(ฟื้น - VERB),neg
(ละเมิด - VERB),neg
(แอ็คชั่น - VERB),neg
(ตุ๊กตุ๊กสั้น - ADJ),neg
(กล่อง - VERB),neg
(สำเร็จ - VERB),neg
(เซ่อ - VERB),neg
(ยาวเว้น - VERB),neg
(คัดสรร - VERB),neg
(โทรโข่ง - VERB),neg
(อ้อม - ADJ),neg
(สถานที่อยู่อาศัย - VERB),neg
(เข็น - VERB),neg
(โซน - ADJ),neg
(หลับ - ADJ),neg
(ไกด์ - VERB),neg
(ที่สระ - ADV),neg
(บล็อก - VERB),neg
(สบายใจ - VERB),neg
(ปะ - VERB),neg
(แหวก - VERB),neg
(เข้ม - ADJ),neg
(โน้ม - VERB),neg
(คาสิโน - VERB),neg
(จราจร - ADV),neg
(สุ่ม - ADJ),neg
(parasailors - VERB),neg
(แปลง - VERB),neg
(เบียร์ - ADJ),neg
(ลืม - ADJ),neg
(ดั้งเดิม - ADV),neg
(เข็มฉีด - VERB),neg
(สิทธิ์ - VERB),neg
(นอน - ADJ),neg
(ช็อปปิ้ง - ADV),neg
(ยินดี - ADV),neg
(เดอะมาเฟียแท็กซี่ - VERB),neg
(ตกลอง - VERB),neg
(รวบรวม - VERB),neg
(ลอนดอน - ADJ),neg
(ดำเนินการ - VERB),neg
(โบย - ADV),neg
(ขวา - VERB),neg
(เขตร้อน - VERB),neg
(funtionable - ADJ),neg
(คริสตัลใส - VERB),neg
(เลข - VERB),neg
(ถนนใหญ่ - VERB),neg
(ปรุง - VERB),neg
(คอนโด - ADJ),neg
(เทียน - VERB),neg
(อมา - ADJ),neg
(สะดวก - ADJ),neg
(มือ - ADJ),neg
(ตั๋ว - ADV),neg
(หนัก - ADV),neg
(ตื่น - ADJ),neg
(มือ - ADV),neg
(เหยื่อ - VERB),neg
(จอด - ADJ),neg
(คลื่นใหญ่ - ADJ),neg
(เกาะกูดเกาะสมุย - VERB),neg
(ตาแทน - VERB),neg
(คุณซื้อ - ADJ),neg
(ปัก - VERB),neg
(ส่งเสริม - VERB),neg
(ปาตงมัน - VERB),neg
(badgering - VERB),neg
(แผงขาย - VERB),neg
(ปกป้อง - VERB),neg
(ต้ม - VERB),neg
(starbucks - VERB),neg
(กิ๊ก - VERB),neg
(สระ - ADV),neg
(เน่าดิบ - VERB),neg
(แก้ตัว - ADJ),neg
(จิบ - ADV),neg
(แออัด - ADJ),neg
(ตุ๊กตุ๊กมาเฟีย - VERB),neg
(แผ่นดิน - VERB),neg
(รส - ADJ),neg
(เชือก - ADJ),neg
(ไดรฟ์ - ADV),neg
(โต้แย้ง - VERB),neg
(คลินิก - ADV),neg
(ซ้ำ - VERB),neg
(พลาสติก - ADJ),neg
(ล่ม - ADV),neg
(คุณค้นคว้า - ADJ),neg
(beachit - ADV),neg
(คุณสมัคร - VERB),neg
(ยานพาหนะ - VERB),neg
(กรด - VERB),neg
(คุณแบล็คพูล - VERB),neg
(เต็นท์ - ADV),neg
(คุณมี - ADJ),neg
(โกลาหล - ADJ),neg
(อพยพ - ADV),neg
(คุณซื้อ - VERB),neg
(ตา - ADV),neg
(คุณเศร้าโศก - VERB),neg
(คุณโต้เถียง - ADJ),neg
(เนปาล - ADJ),neg
(ผ้าใบ - VERB),neg
(คุณประหยัด - VERB),neg
(บางอย่าง - VERB),neg
(จำแทน - VERB),neg
(โอ้โห - VERB),neg
(ด้าม - VERB),neg
(ค้าต่าง - VERB),neg
(กัมพูชา - VERB),neg
(หอม - VERB),neg
(กลน้ำ - VERB),neg
(อ่าวมายา - ADJ),neg
(ตัวอย่าง - ADJ),neg
(กร่ม - VERB),neg
(คุณพัฒน์พงษ์ - VERB),neg
(ยื่น - ADJ),neg
(เครียด - VERB),neg
(ปลอม - VERB),neg
(ไล่ล่า - VERB),neg
(มลพิษ - VERB),neg
(waikiki - VERB),neg
(แสง - ADJ),neg
(ล่อ - VERB),neg
(ม็อบ - ADV),neg
(ระเบียง - ADV),neg
(ล่อลวง - ADJ),neg
(จ้าง - ADV),neg
(ตุ๊กตุ๊กดี - VERB),neg
(คดเคี้ยว - VERB),neg
(ขอบใจ - VERB),neg
(แออัดยัดเยียด - VERB),neg
(ถนนสกปรก - ADV),neg
(สปีดอส - VERB),neg
(กปรก - VERB),neg
(คฤหาสน์ - VERB),neg
(ใส่ใจ - ADV),neg
(สมควร - ADJ),neg
(ล้อม - ADJ),neg
(แจ็คอัพ - VERB),neg
(เหยียด - VERB),neg
(คุณสมบัติ - VERB),neg
(สงสัย - ADJ),neg
(แสง - VERB),neg
(จู่โจม - VERB),neg
(บำบัด - VERB),neg
(สื่อสาร - VERB),neg
(รัสเซีย - ADJ),neg
(ยากลำบาก - ADJ),neg
(การกุศล - VERB),neg
(ยาวเหยียด - VERB),neg
(โคลน - VERB),neg
(เกวียน - VERB),neg
(แปลกใหม่ - VERB),neg
(หนาแน่น - VERB),neg
(poooooof - VERB),neg
(กุญแจ - VERB),neg
(จูงใจ - VERB),neg
(จุดหมายปลายทาง - VERB),neg
(คุณคาด - VERB),neg
(คัดค้าน - VERB),neg
(ยุง - VERB),neg
(ไนทอน - VERB),neg
(แฟน - VERB),neg
(สูท - VERB),neg
(ไว้วางใจ - VERB),neg
(เศร้ามาก - ADJ),neg
(หนักหน่วง - ADJ),neg
(การค้า - VERB),neg
(ยุ่งเหยิง - VERB),neg
(สปา - ADV),neg
(นวด - ADJ),neg
(เฝ้า - VERB),neg
(ร่มรื่น - ADJ),neg
(x - ADJ),neg
(ต้านทาน - VERB),neg
(ดูด - ADJ),neg
(ช้อปปิ้ง - ADV),neg
(โต๊ะ - VERB),neg
(หลบหนี - VERB),neg
(ฉีก - VERB),neg
(พื้นฐาน - VERB),neg
(เสนอ - ADJ),neg
(เช้าตรู่ - ADJ),neg
(อม - ADJ),neg
(ที่บิน - ADV),neg
(กะตะสวรรค์ - VERB),neg
(กัมโบเดีย - VERB),neg
(คุณคุณ - VERB),neg
(น้ำเงิน - ADJ),neg
(ไอ - VERB),neg
(กะรน - VERB),neg
(รูป - VERB),neg
(จองหอง - ADV),neg
(กระหน่ำ - VERB),neg
(ฉาก - VERB),neg
(ก้าวหน้า - VERB),neg
(คุณรำคาญ - VERB),neg
(ก้น - VERB),neg
(กล้อง - VERB),neg
(ปะการัง - VERB),neg
(น้ำตาล - ADJ),neg
(วาน่า - VERB),neg
(สาบาน - VERB),neg
(กะรนกะตะ - VERB),neg
(ตลก - ADV),neg
(ปริมาณ - ADV),neg
(เปื่อย - VERB),neg
(paragliders - VERB),neg
(โชค - ADJ),neg
(เหงื่อ - VERB),neg
(เปรียบ - VERB),neg
(ปลา - VERB),neg
(เจ้าของ - ADJ),neg
(รับผิดชอบ - VERB),neg
(ขโมย - VERB),neg
(บิล - ADJ),neg
(กาล - VERB),neg
(มหัศจรรย์ - ADV),neg
(หนา - VERB),neg
(สวย - ADV),neg
(โยน - ADJ),neg
(สำราญ - VERB),neg
(โฆษณา - VERB),neg
(ทำลาย - VERB),neg
(บวก - ADJ),neg
(คุณพลาด - ADJ),neg
(ถอย - VERB),neg
(ร่มเก่า - ADJ),neg
(ถนนปกติ - ADJ),neg
(ขี้ - ADJ),neg
(แพ้ - VERB),neg
(ตะกอน - VERB),neg
(ลองค้นหา - ADV),neg
(ร้านค้า - VERB),neg
(รุมล้อม - VERB),neg
(อุปถัมภ์ - ADJ),neg
(ปรารถนา - VERB),neg
(ทรายละเอียด - VERB),neg
(ร้ายแรง - ADJ),neg
(google - VERB),neg
(แฝง - VERB),neg
(หอย - ADJ),neg
(อนาคต - VERB),neg
(กุ้งสาม - VERB),neg
(phuket - VERB),neg
(thaliand - VERB),neg
(ไวรัส - VERB),neg
(เมา - VERB),neg
(ซับซ้อน - ADJ),neg
(เอารัดเอาเปรียบ - ADV),neg
(ยัด - VERB),neg
(โง่ - VERB),neg
(ฉับพลัน - VERB),neg
(พลาสติก - VERB),neg
(tooooooo - ADJ),neg
(ท่อ - ADJ),neg
(อาเจียน - VERB),neg
(พลาด - ADJ),neg
(ไอศกรีม - VERB),neg
(ลื่น - VERB),neg
(birgolas karon - VERB),neg
(ครอบครัว - VERB),neg
(หาด - VERB),neg
(บุกรุก - VERB),neg
(ไหล - ADV),neg
(โต้เถียง - ADV),neg
(ปฏิกูล - VERB),neg
(พัง - VERB),neg
(ลิง - VERB),neg
(แกล้ง - ADJ),neg
(ฉุด - VERB),neg
(ขับขี่ - VERB),neg
(แน่ใจ - ADJ),neg
(สุข - ADV),neg
(กลอง - VERB),neg
(โดนัท - VERB),neg
(โอเค - ADJ),neg
(กระจ่าง - VERB),neg
(ping - VERB),neg
(อุปสรรค์ - VERB),neg
(อร่อย - ADV),neg
(เกลียด - ADV),neg
(แท็กซี่ - VERB),neg
(ตองเว้น - VERB),neg
(คุกคาม - ADJ),neg
(ส้วม - VERB),neg
(hummm - ADJ),neg
(dvd - VERB),neg
(ตกใจ - VERB),neg
(ลำโพง - VERB),neg
(ระมัดระวัง - ADV),neg
(กรอก - VERB),neg
(ยึดครอง - VERB),neg
(เลื่องลือ - VERB),neg
(ทำใจ - VERB),neg
(คณะกรรมการการท่องเที่ยว - VERB),neg
(ปกคลุม - VERB),neg
(คาย - VERB),neg
( จำกัด - VERB),neg
(เจ็บตา - VERB),neg
(คุณ พิทักษ์ - VERB),neg
(Patong - VERB),neg
(เต็ม - ADJ),neg
(เกรียม - ADJ),neg
(น้ำตาล - VERB),neg
(พัน - VERB),neg
(โสโครก - VERB),neg
(แปลก - ADV),neg
(ฉ้อโกง - VERB),neg
(อัปยศ - ADJ),neg
(ครอบงำ - VERB),neg
(อ่อนโยน - VERB),neg
(หยาบคาย - VERB),neg
(สั่นสะเทือน - VERB),neg
(แย่ - ADJ),neg
(ทำมาหากิน - ADJ),neg
(คลับ - ADJ),neg
(มังกร - ADV),neg
(ประสาท - VERB),neg
(คุณเพลิดเพลิน - VERB),neg
(ps - VERB),neg
(โจชั้น - ADV),neg
(เว้น - ADJ),neg
(ปรักหักพัง - VERB),neg
(แคบ - VERB),neg
(ยินดี - VERB),neg
(งบ - ADV),neg
(เชิญ - VERB),neg
(เข่า - VERB),neg
(การ์ด - VERB),neg
(desecration - VERB),neg
(ถนนสกปรก - ADJ),neg
(กะตะบู - VERB),neg
(โกรธ - VERB),neg
(ค้นพบ - VERB),neg
(ๆ น้อย - ADV),neg
(ยิ้มแย้มแจ่มใส - VERB),neg
(เคร็ง - VERB),neg
(อ้วน - ADJ),neg
(เครื่องแบบ - VERB),neg
(ตัดสิน - VERB),neg
(ลิ้ม - VERB),neg
(ตื้น - ADJ),neg
(ชดเชย - VERB),neg
(เหวี่ยง - VERB),neg
(เผา - VERB),neg
(กร่อย - VERB),neg
(หวัง - VERB),neg
(เกลียว - VERB),neg
(ถกเถียง - VERB),neg
(goin - ADJ),neg
(ใส - ADJ),neg
(ขี้ - ADV),neg
(เมืองภูเก็ต - VERB),neg
(สบถ - ADJ),neg
(อนุรักษ์นิยม - ADJ),neg
(โจมตี - VERB),neg
(กรรโชก - VERB),neg
(ค่ำ - ADJ),neg
(จืด - VERB),neg
(เหนื่อย - ADJ),neg
(เช่าเจ็ตส์ - VERB),neg
(รับมือ - ADJ),neg
(กำไล - VERB),neg
(งี่ - ADJ),neg
(หลอกลวง - VERB),neg
(ยาง - VERB),neg
(ไต่ - VERB),neg
(คาเฟ่ - VERB),neg
(ขยะแขยง - VERB),neg
(เพศสัมพันธ์ - VERB),neg
(ต้น - VERB),neg
(เลวทราม - VERB),neg
(ดู - ADV),neg
(ที่ปรึกษา - VERB),neg
(ชักชวน - VERB),neg
(นรก - VERB),neg
(jetskies - VERB),neg
(เบียร์ - VERB),neg
(ล้นมือ - VERB),neg
(คู่ - VERB),neg
(เขียง - ADV),neg
(สถานที่ - ADJ),neg
(p - VERB),neg
(เด็ก - ADV),neg
(รื่นเริง - ADJ),neg
(ยิม - VERB),neg
(โรงแรม - ADJ),neg
(คุณหลง - ADJ),neg
(อินเดีย - VERB),neg
(ใบ - VERB),neg
(เจ็ตสกีไรด์ - VERB),neg
(นั้น จำกัด - VERB),neg
(เมืองเก่า - ADJ),neg
(ไร้ - VERB),neg
(เชียงใหม่ - ADJ),neg
(ต่ำต้อย - ADV),neg
(ทรายยาก - VERB),neg
(ปิงปอง - VERB),neg
(คุณรวย - VERB),neg
(ปั่นเจ็ทสกี - VERB),neg
(เยือกเย็น - VERB),neg
(ธรรมชาติ - ADJ),neg
(ยูก - VERB),neg
(ลำพัง - ADV),neg
(โผล่ - ADJ),neg
(แขวน - VERB),neg
(อนุญาต - ADJ),neg
(ซ่อน - ADJ),neg
(เการายการ - VERB),neg
(เร่ง - ADJ),neg
(fakt - VERB),neg
(ระบาย - VERB),neg
(ตอบ - VERB),neg
(พายุ - VERB),neg
(แอสตาเลี่ยน - VERB),neg
(หมาย - ADJ),neg
(เก้าอี้ - ADV),neg
(เชิง - VERB),neg
(สุดท้าย - VERB),neg
(ขุ่นมัว - VERB),neg
(ลาน - VERB),neg
(ตุ๋น - VERB),neg
(แกะ - VERB),neg
(zillion - VERB),neg
(แน่น - ADJ),neg
(สมควร - VERB),neg
(เมนู - VERB),neg
(ปรับปรุง - VERB),neg
(สด - ADJ),neg
(ถุง - VERB),neg
(ประทับใจ - VERB),neg
(Phucket - ADV),neg
(ลอนดอน - VERB),neg
(เสาะ - VERB),neg
(พัน - ADJ),neg
(ตาด - VERB),neg
(ดูปะการัง - VERB),neg
(ดึงดูด - ADJ),neg
(กล่าวหา - VERB),neg
(ฐานะ - ADJ),neg
(ประสงค์ - VERB),neg
(สนทนา - VERB),neg
(บ่อ - ADJ),neg
(กังกุน - VERB),neg
(พีพีแทน - VERB),neg
(คล้ำ - VERB),neg
(กมลา - VERB),neg
(ยอด - VERB),neg
(ต่อยหลาย - VERB),neg
(หลอก - VERB),neg
(ท้าทาย - VERB),neg
(ก๋วยเตี๋ยว - VERB),neg
(ก่อสร้าง - VERB),neg
(ญาติ - ADJ),neg
(ทาน - ADJ),neg
(เกาะพีพี - VERB),neg
(ฉิบหาย - ADJ),neg
(กับดัก - VERB),neg
(เกาะปะการัง - VERB),neg
(อาญา - ADJ),neg
(โกหก - ADJ),neg
(เหม็น - ADJ),neg
(เลิก - VERB),neg
(เศร้าใจ - VERB),neg
(ท่อ - VERB),neg
(ประเมิน - VERB),neg
(ปวด - VERB),neg
(มี จำกัด - VERB),neg
(ไหร่ - ADV),neg
(อิสระ - ADJ),neg
(หลุม - VERB),neg
(กลิ้ง - VERB),neg
(patong - VERB),neg
(งุนงง - VERB),neg
(จัดปาร์ตี้ - VERB),neg
(ตุ๊กตุ๊กหยาบคาย - VERB),neg
(ก่อ - VERB),neg
(ตะ - VERB),neg
(คอ - VERB),neg
(จ่าย - ADV),neg
(เจอ - ADJ),neg
(ว่าง - VERB),neg
(หมู - VERB),neg
(แข็งแกร่ง - ADJ),neg
(กำจัด - VERB),neg
(sportshave - VERB),neg
(แข็ง - ADJ),neg
(ปนเปื้อน - VERB),neg
(คำราม - VERB),neg
(กราน - VERB),neg
(หงุดหงิด - ADJ),neg
(คริสติล - VERB),neg
(บ้าคลั่ง - ADJ),neg
(เขี่ย - ADJ),neg
(ชั่วโมง - VERB),neg
(วาน - VERB),neg
(ปล่อย - ADV),neg
(ไปไหนมาไหน - VERB),neg
(เล่นเจ็ตสกี  - VERB),neg
(โดยสระ - ADJ),neg
(เกาะลันตา - ADJ),neg
(ทิ้ง - VERB),neg
(ถัง - ADV),neg
(ดม - VERB),neg
(ห่อ - VERB),neg
(ไตรตรังและ - VERB),neg
(กาลิม กมลา - VERB),neg
(สงบสุข - ADJ),neg
(กลิ่น - VERB),neg
(ขบขัน - VERB),neg
(เมืองภูเก็ต - ADJ),neg
(โทร - ADJ),neg
(คุ้ม - ADJ),neg
(สามสระ - ADJ),neg
(ตะโกน - VERB),neg
(ฉีก - ADJ),neg
(กะเพื่อ - VERB),neg
(สถาน - VERB),neg
(ต่อสู้ - VERB),neg
(สโมสร - ADV),neg
(สำลัก - VERB),neg
(ละลาย - VERB),neg
(ตุ๊กตุ๊กโลภ - VERB),neg
(แพง - ADJ),neg
(หัวเราะ - VERB),neg
(หาดป่า - ADJ),neg
(โกหก - VERB),neg
(เจ็ทสกีเสียง - ADV),neg
(ด้วยซ้ำ - ADV),neg
(แชร์ - ADJ),neg
(กวางคา - VERB),neg
(วาง - ADJ),neg
(กรณี - VERB),neg
(ขยะแขยง - ADJ),neg
(มลพิษ - ADJ),neg
(กมลาดัง - VERB),neg
(hawkers - VERB),neg
(เฉียง - ADV),neg
(raybans - VERB),neg
(บันเทิงทาง - VERB),neg
(โบย - VERB),neg
(เด็ก - VERB),neg
(อ้าง - ADJ),neg
(คีรีสอร์ทแอนด์สปา - VERB),neg
(ครอก - ADJ),neg
(hypedi - VERB),neg
(เร่ร่อน - VERB),neg
(กุ้ง - VERB),neg
(ชอบ - ADJ),neg
(จั่น - VERB),neg
(สลัว - VERB),neg
(กะตะแทน - VERB),neg
(ใส่ใจ - VERB),neg
(ล้มเหลว - VERB),neg
(ไหล - VERB),neg
(เชื่อมโยง - VERB),neg
(นอกพัฒน์พงษ์ - VERB),neg
(สุเหร่า - VERB),neg
(ตะโกน - ADJ),neg
(พาล - ADJ),neg
(บาร์สาว - ADJ),neg
(สังสรรค์ - ADV),neg
(เทศบาล - VERB),neg
(กลัว - VERB),neg
(ตากอากาศ - VERB),neg
(แปลกหน้า - ADJ),neg
(เลียน - VERB),neg
(มอเตอร์ไซค์ - VERB),neg
(แถบ - VERB),neg
(เผย - VERB),neg
(แม่ขาย - VERB),neg
(รุนแรง - ADJ),neg
(อ่าน - ADJ),neg
(ออนไลน์ - ADJ),neg
(ละอาย - VERB),neg
(ดูดี - VERB),neg
(อายุ - ADJ),neg
(หยิบ - VERB),neg
(ผลัก - VERB),neg
(กะตะ - VERB),neg
(เยี่ยมชมชายหาด - VERB),neg
(ตำรวจ - ADJ),neg
(หมอ - ADJ),neg
(มืด - VERB),neg
(หลอด - VERB),neg
(เปล่า - VERB),neg
(ยื่น - VERB),neg
(เกลียดชัง - ADJ),neg
(เจ็ตส์ - VERB),neg
(ฟอรัม - VERB),neg
(ขโมย - ADJ),neg
(ตั้งใจ - VERB),neg
(ผลิตภัณฑ์ - VERB),neg
(หนุ่มสาว - ADJ),neg
(รำคาญ - ADJ),neg
(อนุรักษ์นิยม - VERB),neg
(แคบ - ADJ),neg
(หาดไกล - ADJ),neg
(marjory - ADJ),neg
(ใช้จ่าย - ADV),neg
(เคลื่อนไหว - VERB),neg
(สี - VERB),neg
(พัก - ADJ),neg
(เจ็บป่วย - VERB),neg
(เปรอะเปื้อน - ADJ),neg
(ควาน - VERB),neg
(บรรยาย - VERB),neg
(ยุก - VERB),neg
(วิวดี - VERB),neg
(เคาะ - VERB),neg
(ตุ๊กตุ๊กวิ่ง - ADV),neg
(นึก - VERB),neg
(อ่าวป่า - ADJ),neg
(ผลัก - ADJ),neg
(กะตะน้อย - ADJ),neg
(เหนื่อย - VERB),neg
(บัส - VERB),neg
(banlga - VERB),neg
(ปานกลาง - ADJ),neg
(เกาะภูเก็ต - VERB),neg
(ตี - VERB),neg
(สิ่งของ - ADJ),neg
(เคารพ - VERB),neg
(กรัม - VERB),neg
(โอเวอร์คลาวด์ - ADJ),neg
(โลภ - ADJ),neg
(ก็ใส - VERB),neg
(ต่อสู้ - ADJ),neg
(ทรยศ - ADJ),neg
(เอย - VERB),neg
(beahc - VERB),neg
(มืด - ADV),neg
(หาย - ADJ),neg
(ยา - ADJ),neg
(แอบ - VERB),neg
(ปิดกั้น - VERB),neg
(dryreaching - VERB),neg
(กระทะ - VERB),neg
(คุณข้าม - VERB),neg
(สุดท้าย - ADV),neg
(ฉวัดเฉวียน - VERB),neg
(ยุ่งยาก - ADJ),neg
(ถี่ - VERB),neg
(เจส - VERB),neg
(โด่งดัง - VERB),neg
(กะตะ - ADJ),neg
(ฝน - VERB),neg
(เจรจา - VERB),neg
(คุม - VERB),neg
(กะตะคุณ - VERB),neg
(tempreture - ADJ),neg
(กระตุ้น - VERB),neg
(ติดเมนู - VERB),neg
(มุ่งหน้า - ADV),neg
(ทราบ - ADV),neg
(เสียดาย - ADJ),neg
(กฎระเบียบ - VERB),neg
(โหลด - ADJ),neg
(สถาน - ADV),neg
(แออัดเมือง - ADJ),neg
(ขวด - VERB),neg
(คำนึง - VERB),neg
(ฟัน - ADJ),neg
(เกาะเต่า - ADJ),neg
(เกาะพะงัน - VERB),neg
(ฆ่า - VERB),neg
(jetski - ADV),neg
(เรื่องราว - ADV),neg
(จบ - ADJ),neg
(เร่งเร้าขาย - VERB),neg
(ป่า - ADV),neg
(กีดขวาง - VERB),neg
(เย็น - ADV),neg
(เหมือน - VERB),neg
(เน่า - VERB),neg
(ระงับ - VERB),neg
(หน่วย - VERB),neg
(ghos - VERB),neg
(กะตะกะ - VERB),neg
(pong - VERB),neg
(เสรี - ADJ),neg
(เรียง - VERB),neg
(ถนนไทย - VERB),neg
(เก้าอี้ - ADJ),neg
(ตุ๋น - ADV),neg
(หลง - VERB),neg
( น่า - VERB),neg
(โยน - VERB),neg
(ครอง - VERB),neg
(เซ็กส์ - VERB),neg
(ฉุด - ADJ),neg
(รีบ - VERB),neg
(แทน - ADV),neg
(ถักเปีย - VERB),neg
(แพร่หลาย - VERB),neg
(สงสัย - VERB),neg
(คลั่งไคล้ - ADJ),neg
(สนอร์กเกิล - VERB),neg
(มืดมน - VERB),neg
(สิ้นเชิง - VERB),neg
(กะตะราไวย์ - VERB),neg
(ล้นหลาม - VERB),neg
(ยากมาก - ADJ),neg
(คุณขาย - VERB),neg
(กว้างใหญ่ - ADJ),neg
(ศึกษา - VERB),neg
(ราคา - ADV),neg
(สะท้อน - VERB),neg
(เดา - VERB),neg
(บาร์ - ADJ),neg
(ระเบียบ - ADJ),neg
(ทางการ - ADJ),neg
(ก้าว - ADV),neg
(แทน - VERB),neg
(ดูถูก - VERB),neg
(paton - VERB),neg
(ตกตะลึง - VERB),neg
(ยึดครอง - ADJ),neg
(วิถีทาง - VERB),neg
(อับอาย - VERB),neg
(เสน่ห์ - ADV),neg
(ประเทศอังกฤษ - ADV),neg
(จังหวัดอื่น - ADV),neg
(สิ้นสุด - ADJ),neg
(costa - VERB),neg
(boatsthis - VERB),neg
(เยี่ยมชมเชียงใหม่ - ADJ),neg
(มุมมอง - ADV),neg
(เรี่ยวแรง - ADJ),neg
(รู้ - ADJ),neg
(สิ้นเชิง - ADJ),neg
(แพคเกจ - ADJ),neg
(ผลิต - VERB),neg
(ซื้อ - ADJ),neg
(เฉียง - VERB),neg
(ลิฟท์ - ADV),neg
(ต่อเมื่อ - VERB),neg
(กูตาชาย - VERB),neg
(ติด - ADV),neg
(โสโครกสกปรก - VERB),neg
(สัญญาณ - VERB),neg
(การเจ็ทสกี - VERB),neg
(โรงแรมสะอาด - ADJ),neg
(ซ่อน - VERB),neg
(กี่ - ADV),neg
(งี่เง่า - ADJ),neg
(ยัดเยียด - VERB),neg
(อึ - ADJ),neg
(คูตาบาหลีสวรรค์ - VERB),neg
(กลยุทธ์ - VERB),neg
(ผยอง - ADJ),neg
(เกาะสมุย - VERB),neg
(จู้จี้ - VERB),neg
(รถ - VERB),neg
(ซื่อสัตย์ - ADV),neg
(ไตรตรัง - VERB),neg
(ทั่วไป - VERB),neg
(ถังขยะ - VERB),neg
(ย้อม - ADJ),neg
(โง่ - ADJ),neg
(ค่ำ - VERB),neg
(ครู่ - VERB),neg
(บรรจุ - VERB),neg
(แออัดยัดเยียด - ADJ),neg
(คายัค - VERB),neg
(เสื่อม - VERB),neg
(อิ่ม - VERB),neg
(คาเฟ่บน - VERB),neg
(คุณเหม็น - ADJ),neg
(เงียบกว่า - ADV),neg
(เคารพ - ADV),neg
(เทา - ADJ),neg
(ยืน - ADJ),neg
(คุณกำลัง - VERB),neg
(จรจัด - VERB),neg
(แปลกใหม่ - ADJ),neg
(ยานยนต์ - VERB),neg
(โทรม - ADJ),neg
(เช้า - VERB),neg
(karon - VERB),neg
(หรูหรา - ADJ),neg
(สมูทตี้ - VERB),neg
(แย่ - ADV),neg
(ถูกใจ - VERB),neg
(เลี้ยง - VERB),neg
(ต่อกร - VERB),neg
(เดิม - ADV),neg
(ยืด - VERB),neg
(ลุย - VERB),neg
(ที่นี่ - ADJ),neg
(พยาน - VERB),neg
(เจ็ตสกีนั้น - ADV),neg
(แปลกใจ - VERB),neg
(หลบ - ADJ),neg
(ค้าจังซีลอน - VERB),neg
(ยัดเยียด - ADJ),neg
(ลาดตระเวน - VERB),neg
(สิ้นสุด - ADV),neg
(โอเค - VERB),neg
(คุณกำลัง - ADJ),neg
(สุนัข - VERB),neg
(มอเตอร์ไซด์ - ADJ),neg
(ตะปบ - VERB),neg
(เขียว - ADJ),neg
(อุจจาระ - ADJ),neg
(กวน - VERB),neg
(สกปรก - ADJ),neg
(ปลาตาย - VERB),neg
(ด่าง - VERB),neg
(ชายหาด - VERB),neg
(ลอง - ADV),neg
(พักผ่อนหย่อนใจ - VERB),neg
(ขยะ - VERB),neg
(โผล่ - VERB),neg
(รู้ - VERB),neg
(เยิ้ม - VERB),neg
(เหล้า - VERB),neg
(ประอยู่ - VERB),neg
(ปลุก - VERB),neg
(ลูสหรือ - ADV),neg
(จุดประสงค์ - VERB),neg
(กลับกลาย - VERB),neg
(เต็มใจ - VERB),neg
(สาหร่าย - VERB),neg
(เหมา - VERB),neg
(ก้าวเท้า - VERB),neg
(บุหรี่ - VERB),neg
(สวน - VERB),neg
(รั่ว - ADJ),neg
(youtube - VERB),neg
(โปรโมต - ADJ),neg
(สับสน - VERB),neg
(ลืม - ADV),neg
(อิ่มตัว - ADJ),neg
(กระชับ - VERB),neg
(เล่นเจ็ตสกี - VERB),neg
(magaluf - VERB),neg
(เหนื่อย - ADV),neg
(ปัจจัย - VERB),neg
(ผับ - VERB),neg
(เร่งเร้า - VERB),neg
(อัด - VERB),neg
(คุณคุณ - ADJ),neg
(ผสม - VERB),neg
(ตรงกันข้าม - ADJ),neg
(จืด - ADJ),neg
(สาธารณะ - VERB),neg
(เตรียม - VERB),neg
(เพ้อ - ADJ),neg
(โอ้อวด - VERB),neg
(จราจร - VERB),neg
(parasail - VERB),neg
(ประเทศไทย - VERB),neg
(คุณสนใจ - VERB),neg
(ฝัน - VERB),neg
(สติ - VERB),neg
(รอด - VERB),neg
(กำแพง - VERB),neg
(เมฆ - VERB),neg
(กิน - ADV),neg
(เทา - VERB),neg
(ลอง - VERB),neg
(รบกวน - VERB),neg
(เกรงใจ - VERB),neg
(torquise - VERB),neg
(อันตราย - VERB),neg
(คุ้นเคย - VERB),neg
(สั่ง - VERB),neg
(แยกแยะ - VERB),neg
(อุบัติเหตุ - ADJ),neg
(sharm - VERB),neg
(ตลก - ADJ),neg
(พยาบาล - VERB),neg
(กล - VERB),neg
(ลุก - VERB),neg
(เหลือทิ้ง - VERB),neg
(ปิง - VERB),neg
(จักร - VERB),neg
(สนุกสนาน - VERB),neg
(ถนนพัฒน์พงศ์ - VERB),neg
(สูบ - VERB),neg
(กมลาแหลม - VERB),neg
(สเปน - VERB),neg
(ลา - VERB),neg
(สแกน - VERB),neg
(กมลาซัน - VERB),neg
(ปรก - VERB),neg
(เสน่ห์ - ADJ),neg
(ตุ๊กตุ๊กขั้น - ADJ),neg
(แนะนำ - ADJ),neg
(ไฮซีซั่น - VERB),neg
(ยกเว้น - VERB),neg
(หาดกะรน - ADJ),neg
(กะตะทาง - VERB),neg
(ตองแทน - VERB),neg
(ตรงไปตรงมา - VERB),neg
(หลีกเลี่ยง - ADV),neg
(ลอก - VERB),neg
(คุณขาด - VERB),neg
(เจ็บปวด - VERB),neg
(นิสัย - VERB),neg
(คุณป่า - VERB),neg
(แก้ตัว - VERB),neg
(บิน - VERB),neg
(ระเบียบ - VERB),neg
(ล้า - ADJ),neg
(สว่าง - VERB),neg
(ทำร้าย - ADJ),neg
(แข็งแรง - ADJ),neg
(เสมอ - VERB),neg
(ขอโทษ - VERB),neg
(วิจารณ์ - VERB),neg
(โฟม - VERB),neg
(ดูแอ - VERB),neg
(ละอาย - ADV),neg
(สองสาม - VERB),neg
(ไปด้วย - ADV),neg
(กรุณา - VERB),neg
(เสพ - ADJ),neg
(กรีซ - VERB),neg
(อุทยาน - ADJ),neg
(คลอง - VERB),neg
(กลาย - VERB),neg
(ทั่วไป - ADJ),neg
(ปาลา - VERB),neg
(แวบ - VERB),neg
(ยุ่งเกิน - ADV),neg
(เจ็ตสกี - VERB),neg
(กระตือรือร้น - VERB),neg
(เฮนน่า - VERB),neg
(หน้า - ADJ),neg
(กมลาหาดกะรน - VERB),neg
(ทิศ - ADV),neg
(ปาก - VERB),neg
(ต่อย - ADV),neg
(เกษียณ - VERB),neg
(ป่า - VERB),neg
(แนวโน้ม - VERB),neg
(ล็อค - VERB),neg
(คู่ - ADJ),neg
(disbeliever - ADJ),neg
(ยืน - ADV),neg
(หาบ - ADJ),neg
(sx - VERB),neg
(รวย - VERB),neg
(หมวก - ADJ),neg
(เจ็ตสกีหลอกลวง - ADJ),neg
(ขาดแคลน - VERB),neg
(ซื่อสัตย์สุจริต - VERB),neg
(กะเหรี่ยง - VERB),neg
(โอกาส - ADJ),neg
(ยาห์บาห์ - VERB),neg
(ป่าเถื่อน - VERB),neg
(phuketremember - ADV),neg
(คุณแท็กซี่ - VERB),neg
(ยั่งยืน - VERB),neg
(เสียหาย - ADJ),neg
(dopers - VERB),neg
(กั้น - VERB),neg
(หวัง - ADJ),neg
(jetskies - ADJ),neg
(หาดกะตะน้อย - ADV),neg
(กัด - VERB),neg
(ขีด จำกัด - VERB),neg
(หาดกะรน - ADV),neg
(ทำลาย - ADV),neg
(เกียจ - VERB),neg
(กะตะหาดกะรน - VERB),neg
(btls - VERB),neg
(กระจาย - VERB),neg
(ปลอดโปร่ง - ADJ),neg
(จงใจ - VERB),neg
(ดึงดูด - VERB),neg
(กะตะหาดสวรรค์ - VERB),neg
(ซ้าย - VERB),neg
(อ่าวทาง - VERB),neg
(ครึกโครม - VERB),neg
(onit - VERB),neg
(ต่อต้าน - VERB),neg
(transportatio - VERB),neg
(suks - VERB),neg
(ตง - VERB),neg
(plesant - ADV),neg
(ประเด็น - VERB),neg
(ฉกฉวย - VERB),neg
(คุณนำ - VERB),neg
(katathe - VERB),neg
(moto - VERB),neg
(รสชาติ - VERB),neg
(เศร้า - ADJ),neg
(คุ้มครอง - VERB),neg
(การอน - VERB),neg
(ลูกน้อง - VERB),neg
(บริการ - ADV),neg
(อยู่แล้ว - ADV),neg
(สด - VERB),neg
(โบราเคย์ - ADV),neg
(สิ่งของ - VERB),neg
(ถนนร้อนแรง - ADJ),neg
(เจ้าของ - VERB),neg
(บันเทิง - VERB),neg
(ถนนบังกาลอร์ - VERB),neg
(หลีกเลี่ยง - VERB),neg
(เยี่ยม - ADJ),neg
(ยุ่งเหยิง - ADV),neg
(กลาง - VERB),neg
(จักรยาน - ADV),neg
(เริ่มต้น - ADV),neg
(ขัด - VERB),neg
(ทิศ - ADJ),neg
(หยาบคาย - ADJ),neg
(กระจัดกระจาย - VERB),neg
(อ้าง - VERB),neg
(การ จำกัด - VERB),neg
(ตาราง - VERB),neg
(อึกทึก - VERB),neg
(สลดใจ - VERB),neg
(ล่าง - ADJ),neg
(เกา - ADJ),neg
(etcsellers - ADJ),neg
(ตะวันออก - VERB),neg
(แทง - VERB),neg
(ชัดเจน - ADJ),neg
(hookers - ADJ),neg
(รู้สึก - VERB),neg
(แนะนำ - VERB),neg
(คึกคัก - ADJ),neg
(พอใจ - VERB),neg
(จำกัด - VERB),neg
(ตา - VERB),neg
(palma - VERB),neg
(คิดเห็น - VERB),neg
(สมบูรณ์ - VERB),neg
(จาน - VERB),neg
(เลวร้าย - VERB),neg
(รังเกียจ - VERB),neg
(หยุด - VERB),neg
(ครอบคลุม - VERB),neg
(คว่ำเรา - VERB),neg
(ฮันนีมูน - ADV),neg
(จ้างเจ็ทสกี - VERB),neg
(คีออส - VERB),neg
(ตัวแทน - VERB),neg
(หลอกลวง - ADJ),neg
(karon - ADJ),neg
(ผื่น - VERB),neg
(ทะเลเมดิเตอร์เรเนียน - VERB),neg
(โว - VERB),neg
(ร่อน - ADJ),neg
(kata - VERB),neg
(แขน - VERB),neg
(สาวประเภทสอง - ADV),neg
(คลองทาง - VERB),neg
(ทักทาย - VERB),neg
(pilage - VERB),neg
(กะตะและ - VERB),neg
(หาดบานา - ADJ),neg
(งดงาม - VERB),neg
(ยอดเยี่ยม - ADV),neg
(น่าน - VERB),neg
(บวก - VERB),neg
(เร่ - VERB),neg
(ท่องเที่ยว - VERB),neg
(รำคาญ - VERB),neg
(บ้า - VERB),neg
(โปรดปราน - VERB),neg
(ปฏิเสธ - VERB),neg
(คราม - VERB),neg
(มลพิษ - ADV),neg
(บ้านเต่า - ADV),neg
(หาดสุริง - ADJ),neg
(พัทยา - ADV),neg
(อุดหนุน - VERB),neg
(รอบ - ADV),neg
(กมลาสุรินทร์ - VERB),neg
(ตะน้อย - ADV),neg
(อพาร์ทเมนท์ - ADJ),neg
(lucikly - VERB),neg
(เลานจ์ - ADV),neg
(กลาง - ADV),neg
(กะรน - ADV),neg
(หาดกมลา - ADJ),neg
(รายละเอียด - ADJ),neg
(กระบี่ - ADV),neg
(jetskis - ADV),neg
(จับตาดู - VERB),neg
(อับอาย - ADJ),neg
(จ๊อกกิ้ง - VERB),neg
(หนี - VERB),neg
(ต่ำ - ADV),neg
(แดง - ADJ),neg
(พัฒนา - VERB),neg
(ต้อนรับ - VERB),neg
(ยกเลิก - VERB),neg
(ส่าย - VERB),neg
(สอน - VERB),neg
(ซื้อ - ADV),neg
(เก่า - ADJ),neg
(ประจำ - VERB),neg
(ร่ม - VERB),neg
(สรุป - VERB),neg
(โดยสาร - VERB),neg
(myther - ADV),neg
(fpr เฮนน่า - VERB),neg
(peacefullget - VERB),neg
(ปกครองป่า - VERB),neg
(เย็น - VERB),neg
(กระแส - VERB),neg
(พักผ่อน - VERB),neg
(รอ - VERB),neg
(สวรรค์ - VERB),neg
(คา - VERB),neg
(ไนท์ - VERB),neg
(ตื่นเต้น - VERB),neg
(มืด - ADJ),neg
(งาม - ADV),neg
(ต่อเนื่อง - VERB),neg
(เสียหาย - VERB),neg
(แทบ - ADV),neg
(เกี่ยว - VERB),neg
(ลึก - ADJ),neg
(เตือน - VERB),neg
(แผง - VERB),neg
(ตุ๊กตุ๊ก - VERB),neg
(เจอ - VERB),neg
(เพลิดเพลิน - VERB),neg
(ปริมาณ - VERB),neg
(หา - VERB),neg
(กีฬาทาง - VERB),neg
(ตัดสินใจ - VERB),neg
(เต็ม - ADV),neg
(สังเกต - VERB),neg
(ทัวร์ - VERB),neg
(คว้า - VERB),neg
(สุดท้าย - ADJ),neg
(สะดวกสบาย - VERB),neg
(ชัด - ADV),neg
(เก่าแก่ - VERB),neg
(ถัด - VERB),neg
(ชีวิตชีวา - VERB),neg
(กวาด - VERB),neg
(เหมาะ - ADJ),neg
(เยือน - VERB),neg
(ถัง - VERB),neg
(ใกล้ชิด - ADJ),neg
(พิเศษ - ADJ),neg
(สกปรก - ADV),neg
(คารอน - VERB),neg
(ยืน - VERB),neg
(ลอย - VERB),neg
(เพื่อนบ้าน - VERB),neg
(สัมผัส - VERB),neg
(ตรวจสอบ - VERB),neg
(จม - VERB),neg
(อุ่น - VERB),neg
(จินตนาการ - VERB),neg
(แวดล้อม - ADJ),neg
(อนุญาต - VERB),neg
(แลกเปลี่ยน - VERB),neg
(อธิบาย - VERB),neg
(ตั๋ว - VERB),neg
(ว่าย - VERB),neg
(คุย - VERB),neg
(นวด - VERB),neg
(ติดต่อ - VERB),neg
(ตกลง - VERB),neg
(ชั่ว - ADJ),neg
(ค้นหา - VERB),neg
(ถนนบางลา - ADJ),neg
(งาม - VERB),neg
(ครอบครอง - VERB),neg
(วาง - VERB),neg
(พูดคุย - VERB),neg
(เงียบ - ADV),neg
(ท่องเที่ยว - ADV),neg
(เศษ - ADJ),neg
(พลุ - VERB),neg
(จ่าย - VERB),neg
(ห้าม - VERB),neg
(นั่ง - VERB),neg
(ร้าย - ADJ),neg
(ระบุ - VERB),neg
(สนใจ - VERB),neg
(วิเศษ - ADJ),neg
(กระจก - VERB),neg
(คอย - VERB),neg
(แก้ - VERB),neg
